404925009004101;2
404925009004201;2
407432009001701;1
423052009001501;1
405691009001301;1
411478009000801;1
404338009001301;1
404225009002701;1
404427009002401;1
409069009000201;1
386919009000501;1
402748009000601;1
412360009002001;1
470310009000101;1
413609009000501;1
409678009000101;1
399866009002301;1
433565009000301;1
409356009003501;1
411194009001101;1
402271009001701;1
414493009001001;1
414239009001001;1
400863009002301;1
429014009000901;1
413574009001101;1
395685009001401;1
387993009001801;1
407830009002501;1
410872009000701;1
412626009000201;1
412382009000201;1
383283009001801;1
412334009000401;1
420147009000801;1
408956009000401;1
406416009002001;1
406437009000501;1
413894009003801;1
407913009000601;1
398173009000801;1
398130009000301;1
414637009000801;1
396280009001001;1
394084009003201;1
409300009001701;1
407991009000601;1
411027009000201;1
401227009000101;1
413969009000401;1
404429009001601;1
400031009003601;1
408881009002501;1
408705009003101;1
400331009001901;1
396413009005601;1
407993009000701;1
395368009001501;1
386919009000401;1
408141009001001;1
404499009001501;1
405814009000801;1
406101009000301;1
400219009004901;1
410575009000301;1
404607009000101;1
435827009000101;1
435834009000201;1
407048009000601;1
408830009000501;1
414360009000901;1
407010009001101;1
423076009000501;1
407117009000101;1
410472009000101;1
402057009000201;1
411898009000101;1
409657009000201;1
393653009000601;1
419078009000101;1
417317009000601;1
386910009000901;1
411520009000901;1
417470009002101;1
406058009001601;1
414374009000601;1
386915009000901;1
411160009000301;1
410763009001501;1
408159009001801;1
411100009002001;1
414203009000301;1
398081009002101;1
394895009000401;1
414361009002001;1
398272009000101;1
406275009002201;1
419964009000101;1
467247009000101;1
464566009000101;1
399945009000501;1
390757009003501;1
322821009000101;1
260395009001601;1
406529009001301;1
400187009000601;1
412363009000301;1
410889009001501;1
414757009000401;1
414975009000801;1
392173009001101;1
413885009001501;1
410472009000301;1
410288009002101;1
395685009001801;1
411118009000701;1
408017009001601;1
411100009000401;1
401786009000601;1
412158009000901;1
414304009000101;1
408733009001101;1
388008009001301;1
399664009001001;1
428871009002101;1
399924009000101;1
406930009000201;1
388697009001301;1
410468009004901;1
404225009000701;1
416479009001201;1
417317009000201;1
388479009001201;1
399941009000601;1
409005009000501;1
398814009001401;1
406905009000101;1
415022009001701;1
402834009000901;1
404427009002001;1
410769009000101;1
392735009000501;1
412842009000901;1
410458009001101;1
411134009001401;1
415022009000701;1
416342009001901;1
386944009000501;1
462662009000101;1
407952009002201;1
409560009001701;1
419113009001101;1
399674009000801;1
399439009002101;1
411246009008401;1
408965009000301;1
415053009001201;1
396040009001101;1
460239009000101;1
413915009001701;1
411118009000801;1
399797009001201;1
393079009001001;1
420055009001401;1
402620009001901;1
410234009001001;1
414923009000301;1
414476009000501;1
399296009002501;1
407806009001001;1
447125009004101;1
396280009000401;1
440849009002501;1
411118009001001;1
408965009000201;1
410647009001801;1
463017009000101;1
399828009002101;1
404338009000301;1
415719009001301;1
400680009001401;1
369453009000401;1
395238009002701;1
415755009000101;1
413385009001801;1
409566009000101;1
414165009000101;1
406233009000901;1
410971009000101;1
165077009001601;1
410288009002301;1
398465009000301;1
409906009000101;1
409555009000101;1
413915009000901;1
395238009000801;1
399886009000401;1
407795009001501;1
411102009002201;1
430457009000101;1
409524009000101;1
401824009001001;1
413615009000501;1
410647009000701;1
407607009001701;1
391432009002501;1
414929009001301;1
413231009001901;1
409679009001801;1
410245009000601;1
407830009002401;1
408716009000101;1
409992009001501;1
408537009001501;1
413561009002001;1
408625009002201;1
402818009000901;1
413999009000401;1
412827009000901;1
399867009001301;1
387204009000101;1
409156009000301;1
404096009000901;1
407044009001601;1
410575009000401;1
407033009000601;1
413885009000101;1
411959009001301;1
397677009001101;1
416342009000901;1
395685009001501;1
402271009001201;1
410519009000401;1
413261009000801;1
415440009000901;1
394454009001101;1
407100009001601;1
423046009001701;1
408656009000901;1
403621009002901;1
411450009002101;1
399176009000101;1
398860009001001;1
400505009000801;1
412360009001501;1
413581009003401;1
419108009000401;1
412746009002401;1
407905009001601;1
410138009000101;1
414884009001701;1
408351009000401;1
409824009001901;1
414975009001101;1
465290009000101;1
387228009002001;1
409630009001601;1
410288009001801;1
414637009001701;1
412382009001401;1
439688009000401;1
413994009000901;1
396413009007801;1
399845009000801;1
409335009000701;1
410941009000501;1
393746009000101;1
406138009000701;1
404099009002701;1
461594009000301;1
411450009001501;1
413971009001201;1
402608009001401;1
412842009001401;1
404607009002601;1
436690009000101;1
400930009002101;1
399279009001201;1
409646009001901;1
404099009000201;1
391975009000901;1
407872009001601;1
404929009000101;1
409678009000401;1
409863009001501;1
412827009001301;1
405375009000801;1
407949009000301;1
412420009003301;1
407898009001601;1
407282009000501;1
410594009002101;1
399930009003201;1
410113009000301;1
397328009001601;1
465645009000101;1
389866009002001;1
392939009001701;1
414929009000401;1
414885009002101;1
414728009001701;1
411542009001801;1
410769009002401;1
409981009000201;1
383283009000301;1
435263009000701;1
403818009001801;1
394774009001901;1
400344009001401;1
391390009000601;1
412366009002101;1
409444009001801;1
400459009002101;1
460536009000201;1
419112009001701;1
423099009001601;1
414282009002301;1
391975009001901;1
386995009000101;1
402381009003001;1
409551009000601;1
412367009001501;1
399938009001001;1
404625009000801;1
414340009001701;1
413709009001201;1
410136009002001;1
411995009001301;1
396506009002901;1
416735009001501;1
395691009000201;1
413229009001101;1
414773009000701;1
411600009001901;1
404541009001201;1
423301009000401;1
412674009000701;1
409560009002101;1
410288009002601;1
467247009000201;1
392939009000101;1
437058009000201;1
413231009001801;1
411118009002101;1
395030009002901;1
404565009000201;1
396068009000801;1
395796009000901;1
412807009001601;1
407939009001401;1
392939009001101;1
456357009000101;1
407582009001101;1
404499009001401;1
406905009001601;1
414496009000201;1
409634009001301;1
439688009000701;1
402608009000901;1
412822009000501;1
395030009001701;1
407400009002401;1
409634009001401;1
419042009001601;1
413858009000601;1
409156009001001;1
409931009002201;1
414691009000701;1
403846009000201;1
434291009002601;1
400749009000501;1
407417009001301;1
395030009002001;1
410458009002001;1
412564009001401;1
415056009001801;1
398448009000401;1
402829009002401;1
412841009002201;1
408109009001801;1
399425009001601;1
391987009003201;1
414861009000501;1
410816009001401;1
400031009002501;1
447125009004201;1
414319009000101;1
415371009000201;1
401645009000201;1
410314009000601;1
399938009000201;1
435969009000601;1
407557009000901;1
429014009000301;1
417396009000401;1
413350009000401;1
414239009001401;1
409356009000501;1
427213009001101;1
402403009001601;1
462662009000301;1
413366009000401;1
360090009000701;1
419113009002501;1
399850009001901;1
411118009000501;1
386773009001201;1
407905009001501;1
406254009000801;1
399870009000701;1
394084009001701;1
402528009001001;1
399881009001501;1
396875009000501;1
465405009000101;1
412186009001901;1
395782009001401;1
411168009000301;1
413830009000801;1
404559009000801;1
400065009002001;1
411450009001301;1
351515009000201;1
431564009001601;1
399962009000501;1
415500009002901;1
412941009003001;1
414990009000801;1
414728009000101;1
408628009000701;1
392019009000201;1
432531009000901;1
414884009002901;1
410338009002301;1
439688009002001;1
408733009001301;1
412330009000501;1
408109009000901;1
400889009000601;1
404111009001001;1
402624009000401;1
387260009000801;1
165077009000901;1
419112009000801;1
414728009000401;1
404052009000801;1
399930009001801;1
381714009001401;1
399881009000901;1
406138009000401;1
404201009001101;1
409943009000101;1
408313009000501;1
402271009000201;1
411987009001101;1
394845009004701;1
388591009003201;1
410894009002301;1
402480009000901;1
414975009002001;1
399935009001101;1
401645009000401;1
463732009000101;1
407544009000601;1
402597009000801;1
412275009001501;1
411192009000801;1
400741009000701;1
401125009000101;1
405348009001501;1
261370009001801;1
400703009001101;1
412841009001901;1
411199009000301;1
412102009000501;1
411725009001701;1
410647009001901;1
411430009000101;1
400741009000901;1
410874009001301;1
407497009001301;1
408537009001801;1
409069009000601;1
415557009000101;1
386987009002501;1
413755009001101;1
409943009001201;1
417396009000701;1
408906009000901;1
414319009000301;1
411085009001401;1
406283009000601;1
402593009000101;1
419170009000501;1
406236009001501;1
407201009001701;1
408913009001701;1
439637009001201;1
404191009002201;1
388471009001201;1
406994009001701;1
410314009000301;1
414321009000601;1
429588009001501;1
389133009001501;1
396097009001001;1
388680009002201;1
414177009000601;1
415017009000401;1
461185009000101;1
414306009000201;1
402620009001101;1
407168009002101;1
408529009001801;1
407697009000901;1
471020009000201;1
412321009001101;1
413999009000201;1
407991009001701;1
395163009002301;1
406283009002101;1
406236009001201;1
409669009001501;1
412827009000501;1
429014009001401;1
401303009001801;1
406225009001401;1
413993009000701;1
390021009000801;1
409669009000301;1
406068009000401;1
433234009001101;1
407930009000701;1
393487009004201;1
406283009001701;1
404433009002401;1
432373009000501;1
417470009001001;1
404623009000101;1
408659009001301;1
389140009001301;1
411430009000701;1
415755009003501;1
420066009000801;1
430457009000401;1
411135009000501;1
399425009000301;1
414884009000101;1
414374009000201;1
414194009003801;1
402625009000901;1
409671009000101;1
413858009000801;1
411169009000201;1
414059009001501;1
462922009000401;1
398860009001801;1
407117009000401;1
395340009001401;1
467247009000102;1
404217009002501;1
407807009000701;1
399226009001801;1
413885009000901;1
411367009001701;1
414975009001901;1
412275009001601;1
427471009001501;1
399812009002401;1
406905009000701;1
412382009001301;1
412360009000901;1
413755009000201;1
412068009000401;1
403818009003701;1
410903009000201;1
401764009000801;1
386902009003001;1
402695009000301;1
411191009002901;1
389866009000201;1
413609009000401;1
389408009000701;1
404670009002101;1
423048009000401;1
413299009000601;1
404115009002401;1
396263009001101;1
453407009000101;1
415075009001801;1
386919009002601;1
399338009001401;1
392996009001701;1
407991009000901;1
412420009001401;1
404041009001501;1
398448009002801;1
412082009002701;1
399926009001201;1
407176009001001;1
400031009001301;1
409541009000101;1
410769009001401;1
388980009002501;1
404607009001801;1
420109009000901;1
389356009001401;1
401283009001601;1
411085009000901;1
414059009002101;1
404429009000501;1
351515009000101;1
260395009001101;1
400494009000801;1
407318009001201;1
387859009001701;1
412458009000201;1
396506009000301;1
415719009001401;1
383168009000101;1
402593009001601;1
359603009000701;1
394827009000101;1
406299009001901;1
399825009001001;1
399656009001201;1
409383009000401;1
323332009001701;1
410478009002901;1
416088009001301;1
412363009000901;1
387737009001101;1
394860009002301;1
400065009001901;1
400407009001001;1
412829009000801;1
396915009000101;1
396068009002901;1
395780009001001;1
386910009000201;1
433193009002601;1
414190009000901;1
414603009001501;1
414729009000801;1
386916009002501;1
464364009000101;1
414303009001101;1
396280009000601;1
398814009001901;1
407916009001501;1
408154009002501;1
392350009002501;1
407077009000101;1
389866009001401;1
416479009002101;1
436070009000201;1
396097009000701;1
413609009000801;1
399380009000601;1
409758009001601;1
411728009000801;1
412301009000901;1
409005009001701;1
404099009001901;1
410893009000501;1
406551009000801;1
411243009000501;1
412457009001201;1
400680009000501;1
416735009000501;1
431621009000501;1
412360009001001;1
407201009000301;1
386916009000701;1
412457009000701;1
419983009001701;1
409101009000501;1
400070009000501;1
414190009001601;1
411135009000901;1
411776009000101;1
395838009000501;1
395368009001601;1
414476009001101;1
402883009002201;1
412469009000401;1
409880009001701;1
407491009004401;1
397167009002101;1
400749009000201;1
337125009000101;1
417086009000101;1
391302009000501;1
435827009000901;1
412116009000901;1
412420009001201;1
410288009002501;1
409813009001401;1
388680009001401;1
974331009000101;1
412179009001501;1
165077009002601;1
404308009001901;1
412330009000901;1
411789009000601;1
410561009000901;1
409630009000601;1
402818009000701;1
399870009001401;1
411708009000901;1
400505009002001;1
411234009001201;1
413930009000601;1
409300009000401;1
447125009001901;1
389647009000301;1
469294009000101;1
414913009003601;1
412303009000201;1
388697009003701;1
403818009002401;1
408830009001001;1
426529009000101;1
411424009001601;1
404547009001001;1
406236009002501;1
407898009001501;1
386919009000601;1
412338009000701;1
399226009003501;1
323332009003201;1
399924009000301;1
406207009001401;1
397284009001301;1
393805009000201;1
414118009000101;1
407310009000301;1
411010009000301;1
404354009000101;1
415024009000101;1
463214009000201;1
434624009002101;1
411849009001901;1
429014009000501;1
412094009001301;1
412082009001801;1
413647009001201;1
429012009002701;1
415971009000601;1
400564009000901;1
412366009004401;1
404453009001301;1
412363009000701;1
392019009000101;1
409339009000301;1
414746009000201;1
395030009003101;1
399400009001501;1
463261009000101;1
410816009001301;1
453823009000101;1
409541009000601;1
400031009001501;1
400387009003101;1
411656009000701;1
415053009000101;1
404427009002101;1
393724009000401;1
394121009002601;1
407991009001201;1
413517009000401;1
413830009002301;1
388110009001701;1
393746009000201;1
413364009001301;1
410157009001301;1
409194009001801;1
407076009001001;1
399930009002301;1
407847009004101;1
408154009000701;1
396269009002401;1
406058009000901;1
399812009000101;1
414204009001601;1
396413009007901;1
427584009000201;1
414282009000901;1
417447009000501;1
395238009002101;1
447420009000101;1
414282009001001;1
397167009000201;1
410288009001701;1
413709009001801;1
410647009002001;1
407872009001501;1
399846009002701;1
409469009001201;1
413530009000701;1
408038009000401;1
415762009002301;1
406299009000601;1
412333009001101;1
432531009000101;1
403857009002201;1
413642009001701;1
415557009001801;1
434831009000701;1
402271009001301;1
405642009001701;1
406225009000701;1
414183009002401;1
408054009000801;1
409532009001201;1
432167009000101;1
413299009002001;1
411210009003101;1
447125009002101;1
400344009002101;1
407153009000401;1
426352009000101;1
464928009000301;1
410943009000201;1
402460009001301;1
414637009001601;1
410647009000201;1
410113009001901;1
415024009001401;1
406927009000201;1
398814009002201;1
399870009000601;1
391463009000901;1
387277009001701;1
409172009000101;1
414194009003901;1
412420009002301;1
411872009001601;1
387162009001201;1
407787009002501;1
388089009001601;1
460425009000701;1
409233009001301;1
404135009000901;1
402381009000301;1
413581009001701;1
402621009000501;1
396463009001601;1
414304009000901;1
402610009000201;1
407117009001101;1
407916009001601;1
408815009001001;1
402865009000801;1
434291009000701;1
407117009001001;1
410439009002201;1
408038009002201;1
409628009000101;1
416735009000601;1
414737009000601;1
399846009001301;1
165077009000201;1
414493009000101;1
411889009000801;1
388697009001501;1
414164009000801;1
414496009001401;1
394827009000601;1
400070009000701;1
414385009000501;1
413301009001101;1
411102009002001;1
396673009000501;1
407310009001101;1
408953009001201;1
410906009000701;1
409521009001901;1
400193009001801;1
411161009000301;1
395320009000601;1
392037009002801;1
382635009002201;1
408032009001801;1
413756009001001;1
414822009001501;1
386916009001901;1
406299009001101;1
407008009001301;1
414101009000801;1
408529009000801;1
400219009005001;1
402601009001301;1
462335009000101;1
413756009000801;1
409495009001501;1
413980009000801;1
411450009003601;1
412313009000301;1
412290009001801;1
410893009001301;1
412807009001701;1
402703009002801;1
414183009001201;1
437134009000301;1
403889009000201;1
407850009000501;1
395877009000101;1
398814009001101;1
403621009003001;1
399919009000701;1
413915009001301;1
413233009000101;1
436780009000201;1
390677009001001;1
409339009000801;1
412303009002901;1
409630009001301;1
461604009000101;1
409005009001901;1
407400009002601;1
399648009001401;1
416682009002601;1
402593009002101;1
408972009002601;1
398448009002001;1
415222009000301;1
409962009000901;1
416479009000201;1
400680009002501;1
411169009000701;1
410245009000501;1
398132009001501;1
391131009002701;1
411129009000101;1
404925009002001;1
414385009001101;1
404433009001801;1
411027009000301;1
400649009001701;1
419091009001301;1
414224009002701;1
400407009000101;1
411452009001201;1
391975009003401;1
395877009001701;1
409646009001801;1
412828009000601;1
414806009001301;1
414153009001201;1
386910009000101;1
410439009000301;1
414852009000301;1
417166009000101;1
411642009001001;1
416342009000101;1
411210009002801;1
411246009003501;1
400344009001001;1
399846009000501;1
400741009000501;1
411602009001101;1
412401009001901;1
465244009000101;1
404433009000601;1
394121009000701;1
414913009004001;1
402615009001001;1
417459009000601;1
407803009000701;1
410507009000601;1
406124009001601;1
412907009001101;1
410769009002501;1
399296009002101;1
394679009000301;1
413581009002501;1
411234009000801;1
408498009000701;1
408956009002001;1
407829009001601;1
389866009000401;1
393864009000101;1
404163009002101;1
409638009001701;1
414256009001501;1
409398009000101;1
401128009000301;1
401786009000301;1
413477009001701;1
408659009003001;1
397745009001401;1
407829009001501;1
412223009000301;1
407806009000101;1
416682009001401;1
414153009001001;1
401134009003201;1
437134009000201;1
410877009000501;1
399226009001701;1
388680009002901;1
402624009000501;1
413956009000501;1
974331009000201;1
462662009000201;1
407462009002901;1
395340009003401;1
165077009000701;1
413642009000601;1
410554009001501;1
406233009000301;1
404113009000301;1
413361009000301;1
404041009000501;1
400387009003301;1
411246009008301;1
407011009001401;1
412127009000401;1
434560009000901;1
423046009000401;1
414698009000901;1
400219009005201;1
407176009001401;1
404217009001901;1
412321009001001;1
399881009001601;1
408901009002401;1
400889009000101;1
408733009000401;1
386773009001601;1
398130009000201;1
412368009000501;1
393653009000301;1
408733009000201;1
464540009000301;1
415347009001801;1
407991009000701;1
404929009001301;1
404893009000801;1
408972009002101;1
260395009001701;1
412068009000101;1
398585009001401;1
410872009000901;1
410288009000201;1
396269009001001;1
400680009002201;1
395030009002301;1
396097009002301;1
413615009000801;1
413756009000901;1
409521009000601;1
408010009000501;1
397103009002101;1
408141009000901;1
411246009001501;1
416795009001501;1
401831009000601;1
410495009000401;1
407801009000101;1
437058009000101;1
402829009000101;1
403563009001001;1
412837009003101;1
411125009000801;1
447125009000201;1
406384009000801;1
412822009003101;1
400387009002101;1
403808009000101;1
369453009000101;1
399921009002101;1
434289009000601;1
412382009001701;1
261370009001701;1
408102009002401;1
412827009000601;1
392939009000601;1
409800009002801;1
400344009000701;1
416342009002201;1
393805009001401;1
396101009002101;1
395877009001801;1
409781009003601;1
409549009000801;1
411545009000201;1
408273009000801;1
398388009000301;1
413271009000201;1
406225009001801;1
462919009000401;1
420035009001001;1
442119009000201;1
414196009000101;1
395377009000901;1
413855009000701;1
413885009001301;1
412838009000401;1
412564009002701;1
393724009001801;1
400187009002101;1
397985009000901;1
399970009001301;1
407964009001001;1
388110009002301;1
398142009002601;1
407279009001001;1
390027009002801;1
413436009002801;1
387239009001601;1
414183009001701;1
395668009001901;1
386773009003201;1
412396009000801;1
428078009000101;1
409669009001101;1
411210009000901;1
409962009002201;1
403621009002301;1
402597009000901;1
462320009000101;1
415056009002101;1
411829009001401;1
416620009002001;1
409677009002401;1
419108009002301;1
396269009002601;1
414224009001201;1
408659009001501;1
406383009001601;1
408059009002001;1
406369009001901;1
461594009000201;1
410874009001501;1
391432009002801;1
410814009000701;1
414315009001301;1
409833009000701;1
408844009000901;1
409630009001201;1
415719009000801;1
414248009001201;1
408090009001001;1
412366009001001;1
387737009002401;1
407096009001501;1
389356009000601;1
399226009003601;1
412842009002401;1
400219009005501;1
417317009001801;1
409494009001001;1
398173009001301;1
410113009001501;1
396281009002001;1
412711009001901;1
389970009002301;1
408154009001001;1
410940009001301;1
417447009001301;1
382601009003001;1
419108009001701;1
399648009000301;1
406905009001901;1
395030009001201;1
405781009001401;1
408716009002101;1
412023009001801;1
399921009002201;1
415453009001801;1
409989009000901;1
399941009001701;1
413367009001301;1
408815009001501;1
400144009000301;1
409481009001601;1
412345009000301;1
411620009001701;1
406299009002201;1
412822009002101;1
413992009001501;1
413727009002001;1
408333009001501;1
388697009000401;1
414374009000901;1
433565009000601;1
410955009002401;1
410288009001101;1
463323009000401;1
412366009003601;1
415500009001901;1
403799009001801;1
404453009001101;1
400649009000801;1
463307009000101;1
405244009000801;1
412345009000501;1
411234009002101;1
397113009002001;1
457025009000101;1
412368009001901;1
400070009001301;1
394827009001201;1
413992009001301;1
411194009001401;1
412907009001601;1
399413009003201;1
413992009001601;1
407850009001201;1
407930009001801;1
398814009001501;1
399870009001501;1
411210009000501;1
407807009002701;1
410955009003201;1
405348009003001;1
438928009000701;1
410808009001401;1
412303009003201;1
388979009002001;1
414164009000501;1
386902009002501;1
446466009002801;1
394283009001101;1
400459009001201;1
410670009001701;1
408054009001401;1
402695009001201;1
405642009003401;1
400494009002401;1
407318009001101;1
415808009001901;1
409764009002001;1
411194009001201;1
406038009001801;1
408054009001701;1
407200009001201;1
406038009001701;1
414603009000901;1
405244009001001;1
411898009001901;1
419999009000601;1
414112009000301;1
414744009002001;1
395438009001401;1
412711009001801;1
412842009002301;1
413477009000701;1
413123009001201;1
415075009000501;1
410874009002601;1
404670009001301;1
409211009000501;1
420485009001801;1
408154009001101;1
412366009001201;1
419112009001901;1
409801009001901;1
402872009001501;1
409366009002501;1
409962009002401;1
411025009001801;1
404559009002101;1
395806009000901;1
414885009001901;1
402883009002701;1
400961009002101;1
415453009001401;1
396040009001801;1
414729009001201;1
407023009001401;1
407881009001101;1
386773009003301;1
407901009001101;1
449752009000301;1
408154009001201;1
414744009001001;1
415034009001001;1
394860009002701;1
406994009002201;1
409125009001001;1
388096009003101;1
404947009001401;1
399714009000301;1
409630009001401;1
412082009002401;1
420482009000501;1
409985009001301;1
402818009003001;1
404947009002601;1
395806009001101;1
395261009001801;1
413393009002201;1
411246009001101;1
420053009000401;1
404562009000401;1
414059009001101;1
398409009002401;1
404156009001501;1
388697009003401;1
411210009000801;1
412037009000301;1
403753009003001;1
414493009001701;1
414867009000801;1
411430009002001;1
410953009002001;1
410972009000901;1
408568009001701;1
394979009001301;1
391390009000701;1
399924009003301;1
411848009000701;1
408154009000801;1
391975009003501;1
410524009001701;1
388300009002701;1
409745009001401;1
434831009002801;1
367540009001501;1
399860009001101;1
404206009001701;1
399648009001501;1
397304009001501;1
407168009001601;1
399714009002901;1
410669009000501;1
323332009001201;1
395345009001401;1
413956009001301;1
411776009001501;1
393746009003401;1
420147009001201;1
412807009001801;1
408659009001601;1
412022009001901;1
409985009001201;1
411191009002701;1
415907009001001;1
411246009000101;1
411169009001101;1
412822009002201;1
411234009002201;1
419111009001701;1
406300009000901;1
412841009001401;1
394675009003201;1
412491009002401;1
401283009002001;1
411199009002201;1
436075009001301;1
400114009004501;1
399885009001101;1
412768009000901;1
412393009000901;1
388988009000901;1
411161009000801;1
974331009002001;1
416130009000101;1
407168009001501;1
404623009003701;1
407497009000501;1
405642009003201;1
399924009003201;1
411194009001301;1
391838009001501;1
395668009002301;1
407685009002101;1
399656009000601;1
392996009001901;1
390507009001201;1
415453009001701;1
409962009001401;1
413992009001401;1
388096009003201;1
411108009000701;1
407607009000801;1
397284009002101;1
410524009001601;1
415755009002201;1
412313009001201;1
410594009001001;1
398465009002401;1
410288009002001;1
408305009000601;1
407432009002901;1
413560009001301;1
404167009001401;1
412828009000701;1
399930009001301;1
396282009001601;1
399142009002201;1
409551009001101;1
409764009001601;1
411829009001001;1
409657009002301;1
409495009001601;1
395030009001901;1
414885009001801;1
413875009000801;1
392735009000701;1
404206009002001;1
401296009001801;1
411191009003101;1
404662009000901;1
386773009003701;1
401321009002201;1
402865009001701;1
387864009001101;1
392019009000701;1
395438009001301;1
409366009002601;1
440211009000201;1
402624009001301;1
413301009001701;1
420482009001901;1
403818009004701;1
399413009002401;1
411859009001301;1
412303009003401;1
401645009000901;1
395685009002801;1
411223009001601;1
411243009001201;1
415075009001201;1
394084009003001;1
402042009001201;1
412209009001301;1
404929009001701;1
414885009002701;1
408568009002301;1
410135009001101;1
395722009000801;1
388667009001901;1
399875009000301;1
411125009001701;1
414256009001301;1
419938009000301;1
409544009001401;1
423099009001201;1
416848009002301;1
408906009001601;1
414118009001701;1
403889009003201;1
409114009001401;1
411102009001901;1
413855009001601;1
407930009000901;1
394860009002401;1
412366009001101;1
415347009001501;1
406236009002201;1
404947009002701;1
410859009001301;1
406369009001701;1
405704009002101;1
387162009001101;1
401283009003201;1
395340009004401;1
412401009002001;1
412825009001601;1
411829009001501;1
351515009001901;1
412649009000301;1
388995009001501;1
408815009002301;1
403818009004801;1
429588009001001;1
414990009001801;1
401745009002101;1
413994009001101;1
403889009001701;1
416483009001301;1
419864009004501;1
410162009001101;1
410519009000501;1
408867009001701;1
406300009001901;1
399411009001501;1
419111009002001;1
386890009001501;1
410763009000101;1
404167009001101;1
405642009002401;1
401689009000701;1
396875009001801;1
412907009001701;1
413834009002401;1
395163009000101;1
398170009002001;1
435827009000201;1
405339009001501;1
400953009000301;1
407168009000901;1
400187009002201;1
410594009002401;1
409878009001601;1
407201009001801;1
399438009002701;1
400114009004901;1
400667009000501;1
395163009002201;1
397113009001801;1
397113009001901;1
399930009002401;1
412346009002001;1
414118009002501;1
389356009000501;1
423099009001101;1
402814009001001;1
415892009001101;1
402625009001201;1
400867009001201;1
411267009001101;1
413845009000501;1
393805009002001;1
390027009001701;1
464312009000101;1
430457009001301;1
391131009001801;1
410288009001001;1
401303009002801;1
398173009001601;1
412417009001301;1
412094009001901;1
431621009000801;1
415762009004001;1
406300009001101;1
414183009002201;1
414096009000601;1
411108009000801;1
404126009000501;1
408054009000901;1
391302009001201;1
415056009002201;1
460001009000101;1
402755009001701;1
409884009000901;1
402872009001301;1
407850009000301;1
417447009002201;1
387940009001501;1
391302009001401;1
165077009001901;1
397426009000101;1
463815009000201;1
402480009000501;1
434560009001801;1
406099009001901;1
409211009002201;1
402748009001601;1
408333009001301;1
409679009002801;1
414304009001501;1
388680009003501;1
412102009001401;1
400114009002901;1
409813009001501;1
413994009001001;1
402381009000201;1
410458009001801;1
404925009001901;1
415084009001201;1
414196009002401;1
411478009001501;1
409481009001501;1
390757009003901;1
402755009001501;1
408656009001501;1
386995009001501;1
429014009000701;1
409962009002301;1
415755009002001;1
399870009002301;1
412711009001601;1
408606009000701;1
392870009001301;1
411210009000601;1
409160009002001;1
410338009002601;1
414947009001601;1
409532009000801;1
413474009001201;1
443194009001201;1
410769009002601;1
403909009000501;1
395691009003301;1
409878009001501;1
416620009001201;1
416342009001201;1
399812009001501;1
409679009001101;1
411025009001401;1
404023009000801;1
420066009000601;1
408625009001101;1
410814009000801;1
408628009002501;1
407023009001801;1
406383009001801;1
409194009001401;1
421922009000401;1
391838009001601;1
400187009003401;1
434353009001501;1
414746009002001;1
393079009001701;1
398132009006601;1
408629009000901;1
413176009001101;1
399279009001401;1
404361009001701;1
408822009000601;1
407168009002401;1
409552009001201;1
436075009000801;1
388183009001101;1
409560009001601;1
392019009001001;1
390021009001101;1
399438009001401;1
407795009001001;1
409962009003401;1
404607009002801;1
386915009000801;1
399926009001701;1
387260009000901;1
411545009000601;1
414476009002601;1
411426009000701;1
412418009000701;1
423040009001001;1
410621009001801;1
400193009001701;1
416735009001801;1
411724009001201;1
395030009003001;1
409630009001501;1
409339009001201;1
411478009001001;1
408844009001601;1
393487009001601;1
395163009003501;1
393487009001701;1
415095009001201;1
404670009001201;1
410895009001501;1
420485009002401;1
406271009001801;1
402703009002001;1
396101009002201;1
412746009002701;1
414755009002101;1
404607009001401;1
388803009001101;1
417447009001201;1
429580009000201;1
390507009001101;1
413346009001201;1
415083009002101;1
410893009001901;1
386773009003501;1
437134009000401;1
410565009000501;1
408881009001501;1
412313009001401;1
397154009002601;1
416848009001701;1
410889009001201;1
460411009000101;1
406300009001701;1
419113009001401;1
403621009002701;1
405496009001501;1
393653009002301;1
411025009001601;1
411367009000901;1
411708009001001;1
406369009001801;1
394283009000801;1
407279009001801;1
419112009001801;1
404587009001101;1
404156009002301;1
410943009001901;1
400070009001001;1
427213009001501;1
414224009001001;1
409679009001201;1
402601009001601;1
420482009002401;1
410439009001501;1
414990009001701;1
408830009000701;1
399226009001901;1
411725009001301;1
420485009002701;1
396506009001201;1
415056009001901;1
396248009001901;1
407835009003101;1
414727009001201;1
410338009000901;1
389906009000201;1
466667009000101;1
404183009001801;1
399850009001601;1
412825009001501;1
411191009003401;1
413308009000301;1
411246009003701;1
386902009002601;1
410630009001201;1
391981009002001;1
412186009003401;1
400210009000701;1
400841009001701;1
398081009003301;1
414112009000401;1
408054009001601;1
398130009001401;1
414209009000601;1
392939009001201;1
407044009001701;1
399664009001701;1
411245009002101;1
409878009001701;1
397154009002501;1
411192009000401;1
415024009001001;1
388979009001401;1
412348009001101;1
412209009001501;1
398130009001701;1
408975009001101;1
388183009001001;1
407659009001101;1
415371009002201;1
410138009001901;1
399812009001601;1
390599009001701;1
409282009001701;1
419864009004401;1
409172009001701;1
407858009001501;1
407096009001601;1
412429009001601;1
412186009002501;1
411620009001501;1
414861009002801;1
390020009002101;1
411602009001401;1
399438009005101;1
413894009001501;1
429960009001101;1
414990009002401;1
398132009007001;1
411083009002801;1
415083009001801;1
396101009002001;1
405950009001201;1
412417009001101;1
412444009000901;1
410812009002101;1
409884009000801;1
410726009002201;1
409356009004001;1
412980009001601;1
409764009001501;1
412346009001801;1
394084009001501;1
411859009001401;1
414754009004201;1
399411009001901;1
412809009001201;1
387757009002401;1
400841009004901;1
393653009002801;1
466237009000101;1
412469009002001;1
408273009002701;1
404217009001401;1
396282009002701;1
404533009001901;1
412348009001001;1
434353009001201;1
408844009001801;1
407795009002001;1
399976009000701;1
414822009002001;1
409764009001101;1
409211009001201;1
408822009000501;1
437058009000301;1
410456009001201;1
409781009001101;1
395030009002201;1
387162009001401;1
391981009002401;1
405339009001601;1
458652009000101;1
409801009001801;1
438928009000801;1
441402009000101;1
411656009001601;1
402057009000801;1
429580009000101;1
411367009002601;1
414755009001901;1
389647009000201;1
410135009001201;1
463215009000101;1
388008009001801;1
397754009001701;1
396282009001701;1
450707009000101;1
391302009001301;1
401929009002101;1
413567009000301;1
413834009002201;1
414688009000101;1
391131009001701;1
398546009000901;1
414852009000101;1
405702009001901;1
416620009002401;1
387162009001301;1
407491009002001;1
412345009000401;1
165077009001701;1
409906009002501;1
409943009000801;1
412346009001601;1
410135009001001;1
404206009002101;1
404213009001301;1
402601009001401;1
412829009001001;1
413561009002301;1
387316009002601;1
406369009002901;1
440843009002201;1
413824009000501;1
399930009002601;1
414304009002001;1
408844009002001;1
413647009001801;1
413403009001201;1
409544009001801;1
413452009001001;1
413754009001401;1
405373009001901;1
409906009002101;1
408907009001401;1
409943009000901;1
442283009000301;1
414716009001101;1
411664009000801;1
261370009001401;1
396281009001901;1
396282009002601;1
420482009001101;1
386919009001101;1
412746009002601;1
404308009002101;1
401764009002501;1
407865009001001;1
407911009001101;1
407400009003401;1
412366009003901;1
415557009002001;1
410507009000701;1
400953009001501;1
408529009001301;1
400459009001301;1
400187009002901;1
409638009001801;1
409165009003101;1
417459009002101;1
411168009000901;1
402834009002001;1
402818009002901;1
402755009001601;1
412303009002301;1
412127009000801;1
395030009001801;1
404354009001801;1
413385009001401;1
414990009002101;1
405339009003401;1
388980009000501;1
406275009001701;1
394675009002201;1
420485009001501;1
396413009007701;1
409943009001401;1
420160009001401;1
414359009000901;1
440948009001801;1
402834009000801;1
408881009001201;1
404925009001401;1
410670009001601;1
397501009002101;1
411656009001501;1
388300009002601;1
409630009001101;1
409393009002001;1
409832009000901;1
401273009000701;1
415371009002001;1
409931009001401;1
410319009001701;1
399761009000401;1
414190009000801;1
399338009002001;1
404308009002001;1
400114009002801;1
413346009001101;1
411776009001601;1
395030009002601;1
409393009001901;1
412341009000901;1
413261009001601;1
400659009002001;1
395685009003001;1
399866009002901;1
415892009001201;1
399425009001001;1
392996009002001;1
414248009002001;1
402737009001101;1
406932009001601;1
412144009001901;1
407709009000401;1
393653009002901;1
404587009001201;1
404052009000901;1
407356009000701;1
460717009000101;1
406207009002701;1
402872009001401;1
404625009000301;1
404541009001501;1
396097009001601;1
410726009000501;1
404147009002101;1
396875009001701;1
420482009000801;1
410973009002301;1
408537009001401;1
403799009001701;1
465898009000101;1
410010009001101;1
391390009002501;1
411569009000701;1
406551009001001;1
415095009001101;1
413609009000201;1
408867009001601;1
420151009000601;1
394258009001401;1
413727009001601;1
381714009003501;1
440211009000101;1
412082009002301;1
398814009001001;1
406038009001601;1
407432009002801;1
402844009000601;1
401134009002201;1
410136009001001;1
394454009001701;1
409125009001101;1
436690009000301;1
398406009001201;1
412340009001001;1
420053009001401;1
387167009002901;1
410769009002301;1
408502009002201;1
399870009002401;1
407025009003001;1
414746009001701;1
395450009001901;1
391838009000801;1
408502009002301;1
399296009002201;1
391630009003101;1
407318009001401;1
395450009001501;1
409232009000401;1
395163009001301;1
388975009001801;1
399870009002201;1
414224009001301;1
412768009001901;1
409992009000801;1
420160009000701;1
411210009002001;1
407020009001801;1
408906009001001;1
409544009003101;1
387940009001601;1
419113009001201;1
413362009001401;1
404429009000601;1
402480009000601;1
411191009003501;1
420482009002101;1
423099009000501;1
411889009001101;1
404925009004001;1
400432009002701;1
408901009001401;1
403889009001801;1
409987009001501;1
415021009001601;1
415021009001701;1
407432009002701;1
392996009001501;1
394675009003101;1
434831009003301;1
391432009002401;1
415453009001901;1
411874009000201;1
400961009002401;1
409495009001401;1
411430009002201;1
412303009003301;1
387308009000701;1
389047009002201;1
411857009001501;1
439688009002201;1
396040009002101;1
407997009001401;1
402600009001001;1
414757009000501;1
411246009000301;1
412094009002001;1
406275009001301;1
407991009001801;1
410113009001301;1
405375009001501;1
414885009002601;1
409831009001101;1
395438009000401;1
399926009000601;1
392735009000901;1
414754009002301;1
399438009001301;1
410893009001701;1
410893009001801;1
416859009001301;1
399875009001201;1
386910009001301;1
410960009002401;1
412401009001101;1
410885009001501;1
397501009002501;1
402818009003101;1
411478009001801;1
411135009001201;1
388300009002501;1
407044009001301;1
413561009002701;1
408705009001501;1
402620009002401;1
406299009002701;1
412366009003801;1
404625009001001;1
447125009001801;1
351515009001001;1
389133009001701;1
408907009001201;1
407318009001301;1
413896009002901;1
408844009001701;1
400867009002401;1
402748009001701;1
408705009001601;1
408881009001301;1
402744009001101;1
413393009002401;1
391571009001401;1
399860009001401;1
409211009000601;1
397133009004101;1
407279009001301;1
420485009001001;1
409030009002601;1
409356009003101;1
411025009001501;1
436075009001501;1
406207009002501;1
413393009002301;1
386995009001601;1
399860009002901;1
414757009001701;1
388803009000401;1
409657009002401;1
409552009001101;1
414637009002801;1
412257009002801;1
395780009002101;1
406139009001601;1
409156009000701;1
387159009000201;1
408703009000401;1
399976009001701;1
386995009001301;1
413346009001001;1
396097009001701;1
403621009002801;1
409943009002001;1
397985009001101;1
386910009000301;1
468707009000101;1
410657009001101;1
393487009001801;1
404225009001301;1
407497009000401;1
399867009001401;1
397985009001001;1
408629009000801;1
401679009001301;1
413301009001601;1
401125009001101;1
412056009001301;1
409482009001401;1
409482009001501;1
404655009000701;1
409557009000301;1
394121009001601;1
412821009001001;1
395780009002001;1
410113009002101;1
429014009000601;1
395163009003601;1
974331009001901;1
397133009003601;1
410814009001001;1
415056009002001;1
407835009002301;1
397912009002201;1
414306009002001;1
391432009002301;1
408032009001501;1
409391009001701;1
390594009001401;1
382601009003101;1
414637009002601;1
412366009001301;1
388979009001601;1
402829009002801;1
404167009001301;1
401128009002001;1
414385009001001;1
400643009002101;1
404453009001201;1
399945009001201;1
409300009001501;1
412257009002201;1
412980009001701;1
414809009001301;1
413824009000601;1
414974009001201;1
406994009002101;1
414177009001001;1
414209009000501;1
396413009000801;1
399279009001901;1
407692009000801;1
399296009002301;1
400649009000601;1
414224009003101;1
406275009001501;1
411620009004301;1
388110009002601;1
433565009001101;1
390899009001301;1
402744009001201;1
396101009001901;1
410874009001601;1
407046009002501;1
412393009001101;1
411160009000901;1
463206009000101;1
393809009001301;1
397304009001401;1
397501009002601;1
408975009001601;1
434831009002501;1
404947009001201;1
412918009002201;1
404947009001301;1
409541009001401;1
391630009002901;1
396280009000201;1
386976009001001;1
404925009001801;1
435263009001801;1
413561009002101;1
411620009004401;1
412396009001201;1
399261009000901;1
400187009002801;1
407144009001101;1
413621009001801;1
399651009000301;1
420160009000901;1
407939009001201;1
412162009001101;1
468404009000101;1
391591009001101;1
393653009002201;1
434831009002601;1
408090009001701;1
415089009001901;1
407795009001401;1
398388009001001;1
408867009003101;1
411545009000801;1
412429009001701;1
412144009002001;1
415557009002201;1
401786009001701;1
409194009001501;1
412102009001501;1
411542009001901;1
420160009000101;1
409165009000901;1
415755009001501;1
391302009001101;1
409764009001401;1
413613009001701;1
412363009000801;1
413452009001101;1
413915009001001;1
405704009002401;1
413561009002201;1
409209009000401;1
409813009001101;1
406369009001601;1
407939009003301;1
409172009002301;1
409160009000601;1
388300009002401;1
397827009000401;1
412980009001801;1
406905009003901;1
399279009001301;1
429575009000501;1
412393009002401;1
411169009001001;1
412150009001501;1
412338009001201;1
389517009000801;1
420482009004401;1
391981009002301;1
389047009002801;1
389047009002901;1
412022009001801;1
407100009001801;1
408737009000901;1
412457009001101;1
403889009001901;1
404354009001301;1
408931009001901;1
467248009000201;1
396263009002401;1
395030009002701;1
401296009001601;1
409764009001001;1
415371009001101;1
406356009001201;1
399875009000701;1
462731009000301;1
402748009002001;1
399970009001601;1
393653009002401;1
393724009002201;1
412333009000301;1
412821009000601;1
415500009002301;1
419102009001001;1
398448009001401;1
410763009001401;1
401776009001801;1
402608009001301;1
389408009001301;1
406356009001101;1
394283009001001;1
413474009001101;1
410973009002401;1
434831009001601;1
398922009000401;1
402621009001501;1
389866009001301;1
412971009000601;1
400670009001001;1
396101009002301;1
387167009002801;1
449752009000201;1
409931009001601;1
388591009000601;1
414177009001201;1
399976009001601;1
410439009002601;1
383168009002601;1
399413009002901;1
410763009000501;1
411664009000901;1
406124009001801;1
407008009001401;1
399656009001601;1
400889009000901;1
407685009002201;1
409890009000901;1
415371009002101;1
397139009003101;1
427764009000101;1
411898009001401;1
410955009000801;1
410953009002101;1
439637009002501;1
405314009002101;1
410893009001501;1
406384009002301;1
395668009002101;1
434560009001901;1
369453009001401;1
402814009001501;1
408913009002001;1
400494009002201;1
386890009001301;1
412094009001201;1
409156009000801;1
412702009001701;1
398142009002701;1
405339009003301;1
399679009001901;1
400144009000401;1
434624009001201;1
412028009001201;1
435834009000301;1
414224009001601;1
409114009001501;1
411246009003301;1
413834009002301;1
420109009000601;1
402889009001101;1
407432009002601;1
399860009000201;1
400649009000701;1
396413009006401;1
408716009002001;1
423099009000601;1
433234009000901;1
407930009001101;1
415080009000101;1
409628009001301;1
412649009000501;1
409209009000201;1
406058009000401;1
412825009000901;1
415500009001801;1
412573009001601;1
409628009001201;1
403837009001201;1
412313009001101;1
448551009000101;1
414476009002101;1
402912009000601;1
410816009001201;1
409985009002001;1
404937009001701;1
397133009003901;1
419078009002101;1
410319009001801;1
433972009000801;1
392939009002101;1
444010009000101;1
409149009001601;1
440948009001901;1
463354009000101;1
412094009002701;1
400114009002701;1
414196009002301;1
416342009001101;1
408907009001301;1
399768009002201;1
400494009003901;1
414884009000701;1
429012009003001;1
409551009001001;1
409211009001301;1
404947009001901;1
409988009000901;1
399380009000101;1
414476009002001;1
403621009002201;1
422460009000201;1
400065009000701;1
405642009002801;1
404361009001601;1
389970009002401;1
415755009002101;1
404433009002501;1
414282009001301;1
386916009001501;1
413971009001501;1
399878009001801;1
412313009001301;1
414343009002501;1
415453009002301;1
407168009001401;1
391131009001501;1
412303009002501;1
389517009000601;1
408916009002101;1
399945009001301;1
402814009000901;1
411025009001701;1
409003009000901;1
412346009002101;1
401831009002301;1
413647009002301;1
410960009002501;1
397103009001701;1
413271009001001;1
411872009001401;1
397985009001201;1
404937009002201;1
394774009002101;1
411430009002101;1
406932009001501;1
409222009002101;1
412366009003701;1
399924009003101;1
397426009000201;1
413474009001301;1
390899009001401;1
427584009004801;1
401786009001601;1
409149009001001;1
399296009002001;1
424464009000501;1
390027009002901;1
393022009001501;1
411100009002301;1
407803009001001;1
407806009001801;1
402877009001801;1
409866009000401;1
412150009000201;1
414304009002101;1
394845009000901;1
401303009002701;1
404156009001601;1
415222009001201;1
401283009005801;1
393487009004801;1
409781009001001;1
397133009004201;1
405348009002601;1
407952009002001;1
407044009001801;1
261370009001501;1
400659009001901;1
451472009000101;1
407692009000701;1
400065009000801;1
400219009006101;1
434831009001701;1
415779009001401;1
399812009001701;1
414111009001001;1
386915009001001;1
410288009001201;1
404565009000601;1
407850009001301;1
395780009001901;1
404126009000601;1
409646009002001;1
409866009000501;1
407168009001901;1
408606009000601;1
388680009003401;1
413574009002201;1
395345009001301;1
398585009002201;1
412702009001601;1
406271009001901;1
399296009002601;1
388591009004901;1
428871009002401;1
407913009001201;1
417166009002001;1
398831009000201;1
397133009003701;1
410113009001401;1
397133009003801;1
390021009001201;1
407916009000601;1
401134009001501;1
420109009000401;1
417447009001101;1
409209009000101;1
411529009000201;1
411875009000801;1
409802009001201;1
412366009002201;1
420053009001501;1
391987009000701;1
399438009001101;1
407176009002101;1
407168009001301;1
387940009002001;1
411424009002701;1
414693009000801;1
413176009001001;1
389908009001701;1
414224009001401;1
383168009002301;1
411520009001001;1
406300009001001;1
393022009001101;1
467173009000101;1
411545009000501;1
412980009001501;1
404559009001601;1
414729009001301;1
412980009002001;1
439637009002401;1
420157009000301;1
407279009000901;1
411725009001101;1
414990009002301;1
420053009000501;1
397139009003001;1
410554009001601;1
428986009000701;1
407557009000701;1
390027009001901;1
399866009003001;1
400889009001901;1
411620009001601;1
436075009001701;1
406138009001501;1
409671009001101;1
398142009001001;1
394774009001001;1
392870009001201;1
367540009001801;1
407033009000701;1
407879009001001;1
405814009002301;1
410314009000501;1
410594009002501;1
414224009001101;1
434831009002701;1
400114009002601;1
404147009002201;1
407930009001901;1
411083009000901;1
413367009001401;1
409679009002701;1
412626009001401;1
399871009001501;1
411255009001401;1
416795009001301;1
399164009001201;1
465622009000101;1
412186009003901;1
405370009000901;1
408351009000601;1
436075009001101;1
406138009002101;1
414806009001401;1
398388009001101;1
412674009000801;1
408333009001201;1
412674009000501;1
414019009001901;1
411161009000901;1
408333009001401;1
419111009001801;1
408031009001101;1
389906009000101;1
387167009001901;1
392735009000801;1
404113009001101;1
411100009002101;1
411100009002201;1
409560009001901;1
398760009003701;1
401745009000301;1
413362009001501;1
395685009003101;1
408975009002201;1
411872009003501;1
414101009001201;1
417459009002301;1
411191009002601;1
388979009001101;1
390507009001001;1
399867009001501;1
408313009001101;1
400867009001101;1
411234009001101;1
408141009001501;1
410495009000801;1
414256009000901;1
413366009000601;1
404667009000601;1
411169009001201;1
413930009001801;1
413301009001801;1
407830009002601;1
420485009000301;1
406384009002401;1
399945009000601;1
409444009002301;1
391390009000901;1
414806009000901;1
412056009000601;1
407867009001101;1
446830009001501;1
399885009000901;1
412393009001001;1
399413009003301;1
411083009002601;1
406233009001101;1
420482009001401;1
409125009001201;1
388667009001801;1
407582009002001;1
393746009003601;1
414096009000701;1
414019009002001;1
413261009001701;1
413261009001501;1
407582009001901;1
399164009001101;1
386906009000801;1
409003009001001;1
395245009001401;1
400114009001701;1
407923009001001;1
413930009001701;1
407200009001101;1
401296009001701;1
415907009000901;1
402624009001401;1
390594009001001;1
412257009002701;1
410458009001901;1
415089009001801;1
412825009001001;1
408333009001601;1
411367009000601;1
400187009002001;1
399648009001601;1
428871009002301;1
388300009001101;1
386910009002201;1
399400009001101;1
411520009000801;1
404156009001701;1
402600009001901;1
463623009000101;1
401128009001901;1
394283009000901;1
402528009001101;1
391630009003001;1
408916009002001;1
412345009000601;1
399413009003101;1
409555009004101;1
415371009000701;1
394117009000801;1
394895009000101;1
407491009004001;1
413123009000701;1
410740009000901;1
399142009001201;1
398142009000401;1
415808009002101;1
408568009001501;1
396585009001401;1
409521009001601;1
404670009002001;1
399439009001101;1
402600009000601;1
446466009003101;1
408844009001201;1
382635009003001;1
390677009001201;1
412837009002401;1
390599009001401;1
400114009004701;1
410545009000801;1
410157009001701;1
410647009001601;1
394256009000501;1
408972009000901;1
413609009000301;1
399924009002201;1
400863009001701;1
409824009002001;1
414754009002601;1
396463009001201;1
411642009003001;1
411085009000601;1
413574009001401;1
409199009000401;1
412179009001601;1
411789009001501;1
411642009000601;1
408636009001201;1
407685009001601;1
429960009002001;1
406927009003301;1
396463009000601;1
414165009001101;1
408202009000901;1
407020009001701;1
407011009001301;1
390599009003201;1
408906009001801;1
407046009002901;1
411118009002301;1
403765009001101;1
408899009002801;1
404937009001901;1
373604009001301;1
412275009000401;1
420058009000201;1
413999009001801;1
388591009005301;1
414059009002401;1
407153009001301;1
386773009000801;1
165077009002201;1
404147009001001;1
428871009001101;1
409495009002401;1
409198009001601;1
399870009000901;1
414361009001201;1
409758009001201;1
422460009001001;1
407697009000701;1
392350009001001;1
408899009003901;1
399935009000801;1
409393009002301;1
410971009002201;1
404602009001601;1
404113009001601;1
398760009002601;1
404156009002101;1
419144009001701;1
404607009000701;1
408032009000901;1
382635009003101;1
405314009002301;1
402737009000601;1
413561009001601;1
411234009001001;1
429960009001601;1
409646009001701;1
397098009001701;1
400505009000601;1
406238009000701;1
409339009001101;1
415371009000501;1
413362009002201;1
400432009001701;1
402737009000501;1
406920009002301;1
394895009001101;1
408529009000901;1
413489009002301;1
412702009001001;1
446466009002701;1
413727009000501;1
406384009001401;1
410338009002401;1
387993009001501;1
407417009001101;1
387999009001501;1
407610009000501;1
388591009005201;1
404602009001501;1
409758009001801;1
386910009000701;1
405348009000301;1
412491009001201;1
407408009001801;1
389047009001501;1
394102009001701;1
387859009001001;1
410953009001601;1
395525009002101;1
397098009002701;1
386910009002501;1
394728009000701;1
408273009002001;1
414177009001701;1
397148009002001;1
409646009001501;1
414975009001701;1
409199009000501;1
412056009002101;1
404499009001201;1
402755009001301;1
409233009000601;1
396440009000801;1
388680009003101;1
394084009001601;1
399679009001401;1
407807009003101;1
411083009001001;1
409878009001801;1
413366009001401;1
404565009001301;1
446466009003201;1
414189009001701;1
392087009000201;1
408568009002101;1
407491009004101;1
387993009001601;1
404453009002001;1
387316009000501;1
402597009001401;1
411789009002401;1
387841009001401;1
399438009003101;1
412396009000601;1
397154009002001;1
422485009000201;1
467118009000101;1
408733009001201;1
410973009002501;1
413513009001101;1
399935009000901;1
393805009002701;1
413308009000801;1
398448009002101;1
395163009001801;1
411450009001701;1
409555009001901;1
400300009000501;1
404433009001101;1
397827009000101;1
419144009001601;1
405375009001101;1
407008009001201;1
397098009001601;1
462739009000201;1
413894009003701;1
407794009001801;1
409156009001301;1
398170009000901;1
410478009001701;1
409393009002401;1
413581009001601;1
406238009000601;1
398928009000201;1
408821009000201;1
414754009004401;1
468916009000101;1
409638009001201;1
393724009001601;1
415034009000601;1
412444009002001;1
414019009001201;1
389047009001601;1
396068009000201;1
399768009002801;1
406207009000601;1
434848009001401;1
433972009001701;1
396440009003401;1
409824009001301;1
404099009001601;1
414189009002201;1
406236009001901;1
422460009000901;1
409824009001401;1
403909009002301;1
403765009001201;1
409758009001101;1
410769009001601;1
387316009000701;1
398081009001201;1
393724009001701;1
400564009000701;1
411450009001601;1
407806009002201;1
386773009001301;1
411246009004601;1
433193009003701;1
411995009001201;1
412056009001701;1
408953009001301;1
442119009000701;1
414360009001301;1
399870009001101;1
409758009001701;1
393079009001301;1
410955009001101;1
435512009002201;1
417306009001301;1
409953009001201;1
413308009000601;1
414189009001001;1
392870009001001;1
398831009000701;1
420035009000301;1
396068009001301;1
388659009000401;1
410234009000501;1
412050009002801;1
393892009003501;1
408628009001901;1
409283009001501;1
399438009003201;1
401824009004301;1
397745009002401;1
427584009003601;1
413834009002001;1
399870009001001;1
414340009002901;1
408953009002001;1
412469009001501;1
399970009000801;1
414691009001401;1
411246009004501;1
420058009000101;1
408899009002601;1
412050009002901;1
400606009002501;1
409424009001401;1
407830009001901;1
400930009000801;1
403818009002201;1
408839009001501;1
411118009001901;1
407046009000301;1
412396009001101;1
412980009001101;1
465763009000101;1
399656009001001;1
387864009000501;1
399331009001101;1
402682009001301;1
411199009000501;1
414698009001801;1
405997009001101;1
403846009001301;1
400144009000601;1
408659009002101;1
407011009002401;1
402555009000601;1
412941009002001;1
409758009002201;1
409393009000901;1
405370009001301;1
407993009001101;1
401227009000501;1
413834009001301;1
165077009002401;1
393892009002201;1
411168009001301;1
412340009000801;1
409678009001701;1
399411009001801;1
410001009002201;1
419864009002801;1
388471009001701;1
394400009000601;1
399924009002301;1
435512009002301;1
414728009001301;1
389438009000801;1
410647009001501;1
408953009001001;1
403857009003101;1
409931009001201;1
407201009001401;1
402608009001701;1
386916009001001;1
414691009001501;1
406410009001201;1
392350009002701;1
411424009001201;1
415089009001601;1
405347009002001;1
386902009001101;1
403846009001201;1
405997009001001;1
413609009000701;1
395525009002201;1
403563009002301;1
414165009001201;1
412037009001601;1
433193009002801;1
399878009001301;1
410960009001301;1
433234009001001;1
400719009000901;1
412807009002501;1
446466009003001;1
414248009001601;1
408716009001501;1
400606009002601;1
409391009001201;1
397677009001801;1
383168009002101;1
401273009002001;1
382635009002101;1
399878009001701;1
388479009000801;1
407709009002501;1
412842009000501;1
414809009002101;1
411077009001401;1
400649009000301;1
447125009003701;1
411995009001101;1
427584009003501;1
400344009001801;1
407417009001201;1
413581009001401;1
401303009001401;1
410894009001201;1
434289009001101;1
413462009000601;1
402695009003201;1
413824009001201;1
405375009001201;1
408705009001301;1
394121009001901;1
402608009001201;1
413896009001601;1
414343009002401;1
382601009004401;1
387757009001601;1
408867009003401;1
407153009001201;1
399439009001001;1
402608009001601;1
409758009001501;1
433972009002001;1
399439009001401;1
410814009002001;1
408867009002001;1
373604009001401;1
398448009001101;1
404658009000701;1
409555009002001;1
397167009001901;1
396463009001401;1
412368009001801;1
400643009001201;1
433234009000801;1
409678009001301;1
399878009000801;1
398448009002301;1
413893009001301;1
401283009001001;1
443190009000201;1
433234009001701;1
415222009002101;1
410960009000801;1
417470009001501;1
408906009002001;1
412941009002301;1
414101009001001;1
395691009000601;1
391981009001601;1
409254009001401;1
400564009000301;1
398142009000301;1
412825009002101;1
409016009002301;1
433972009000701;1
407176009000901;1
390594009001701;1
412050009002501;1
404115009001301;1
401786009001301;1
404625009001201;1
399226009003301;1
399976009000301;1
400867009001501;1
412127009001201;1
397827009000201;1
416479009000701;1
410769009003401;1
415021009001201;1
412573009001401;1
419091009001601;1
404499009001801;1
406927009000901;1
165077009001801;1
401645009000601;1
419938009000501;1
412094009000301;1
408899009004001;1
398170009000201;1
409764009003401;1
402825009001201;1
439688009000101;1
410594009001901;1
399438009003301;1
400819009002001;1
408899009002701;1
412382009001601;1
388697009003901;1
433234009001601;1
397098009000701;1
389970009001301;1
410960009000901;1
414698009000701;1
409953009000801;1
396506009001801;1
411077009001501;1
413999009000601;1
412827009001101;1
429960009001801;1
408313009001401;1
404201009001601;1
411541009002001;1
412423009000101;1
402695009003301;1
398448009001201;1
411430009002601;1
413513009001401;1
420058009000401;1
386902009001001;1
406927009003201;1
399439009002001;1
410460009001601;1
401824009001701;1
414196009003201;1
434770009000101;1
389140009002101;1
413999009001901;1
407023009001001;1
410289009001401;1
411889009001401;1
400300009000401;1
411728009000901;1
412127009001101;1
412841009001201;1
413489009000901;1
409953009001001;1
442977009000501;1
469422009000201;1
409884009001101;1
397148009001701;1
407794009001601;1
392037009003301;1
412393009002001;1
409801009002801;1
396463009001301;1
404499009001301;1
408703009001901;1
394400009000201;1
412275009000901;1
386919009000801;1
402755009001401;1
392266009000901;1
400505009000501;1
407835009001701;1
406499009000301;1
412469009001301;1
433193009003201;1
409030009001801;1
406932009001401;1
415755009003201;1
413581009002901;1
410973009002701;1
414637009001301;1
410973009002601;1
410894009001301;1
414321009001701;1
401293009002701;1
409016009001101;1
414189009000901;1
429960009001701;1
391463009002101;1
410769009001701;1
402608009001501;1
408498009002001;1
395368009001101;1
396282009001001;1
398928009000101;1
386919009000701;1
412257009000801;1
434624009001701;1
402057009001101;1
413581009001301;1
412837009002501;1
406529009001001;1
414374009000501;1
442119009000901;1
387679009001501;1
412094009000401;1
405476009000701;1
407694009000701;1
400953009001301;1
414752009001901;1
410001009002101;1
409469009001401;1
394084009003101;1
409016009001001;1
411118009001701;1
400432009002601;1
387552009001601;1
408867009002101;1
387316009000901;1
413361009000401;1
403909009002401;1
415024009001101;1
405841009003201;1
394256009000601;1
395163009001001;1
399656009002501;1
409254009001301;1
465028009000101;1
409069009001601;1
407023009000901;1
394102009001801;1
411100009001801;1
412050009002401;1
394860009002801;1
414752009001201;1
420053009001301;1
401776009001101;1
413727009000401;1
395691009000401;1
165077009002501;1
406465009001501;1
407011009000801;1
389438009000901;1
413308009000701;1
414165009001301;1
402733009000301;1
399878009000701;1
399279009002201;1
412907009000801;1
443194009001101;1
414209009001801;1
390020009001001;1
401227009000401;1
408972009000701;1
387757009003901;1
409646009002301;1
407033009002001;1
434291009002201;1
409101009000301;1
399656009000801;1
411541009002301;1
407913009002101;1
410903009001801;1
409146009001101;1
403765009001301;1
364772009000301;1
414203009002201;1
413894009003601;1
390899009002701;1
407937009001101;1
412301009001301;1
410001009002301;1
399881009001401;1
387859009001101;1
165077009002301;1
392942009000901;1
410524009002201;1
395340009002901;1
412257009000101;1
396068009001401;1
390599009001501;1
410460009001501;1
413896009001901;1
412223009001401;1
391987009003001;1
412186009000901;1
389872009000901;1
439688009001001;1
408953009001101;1
431564009000201;1
411642009000401;1
414177009001901;1
412345009001301;1
414059009002301;1
434848009001101;1
409356009003601;1
412186009001501;1
409356009002101;1
393892009002001;1
409943009001501;1
388659009001401;1
429960009001901;1
414637009001101;1
391463009002301;1
388471009000801;1
405347009002101;1
408899009002901;1
393892009004301;1
410960009001401;1
391987009003101;1
412842009000601;1
409824009001501;1
412980009001001;1
386919009005101;1
407046009000601;1
411541009002101;1
409646009001601;1
413574009001201;1
410338009002501;1
396463009001101;1
409863009002301;1
410234009001401;1
394084009002301;1
412907009000901;1
396440009000901;1
410859009001401;1
400680009002801;1
411889009001501;1
401776009001001;1
394084009001401;1
411541009002701;1
412807009002101;1
413574009001301;1
388988009000501;1
387552009001701;1
413621009001601;1
403846009001401;1
404670009001801;1
407201009001301;1
443194009000901;1
389970009001201;1
410903009000501;1
386902009000101;1
386919009000901;1
409962009001201;1
400387009003201;1
405244009000101;1
408498009001901;1
411077009001101;1
414165009001401;1
402695009003401;1
399935009000701;1
412275009000301;1
399439009002201;1
400961009002201;1
409555009001001;1
434848009001201;1
410769009003501;1
400930009001801;1
322821009002201;1
412809009001301;1
419938009001101;1
401283009002201;1
394117009000701;1
408815009002701;1
413317009002201;1
398130009001501;1
392087009000101;1
388979009001301;1
411995009001001;1
400719009002601;1
401428009001001;1
413574009001501;1
390599009003101;1
402597009000601;1
423301009000801;1
414321009002301;1
390599009001601;1
399870009001601;1
410460009000701;1
398831009002001;1
407835009002001;1
165077009001501;1
415089009001501;1
402889009001301;1
405370009001201;1
408636009001501;1
422485009000701;1
401273009001901;1
412393009002101;1
402682009001501;1
411100009001901;1
400838009000501;1
413462009000201;1
387552009001501;1
407033009002101;1
395363009001401;1
406300009002801;1
413756009000701;1
392037009003701;1
399921009001701;1
394895009001001;1
400841009006701;1
414189009000801;1
389140009002001;1
407201009001501;1
411027009001201;1
407144009000401;1
411446009002501;1
411446009002101;1
413602009002001;1
392173009001001;1
409356009003301;1
410769009001901;1
412393009001801;1
387679009001401;1
407176009001501;1
433972009000901;1
441210009000101;1
397677009001901;1
409985009001801;1
386987009001301;1
412056009001601;1
401293009002601;1
403944009001701;1
395368009001001;1
422460009001101;1
427471009002101;1
394515009002601;1
398081009001401;1
407997009000701;1
400838009000401;1
413176009000301;1
398130009001601;1
406238009000801;1
412186009003601;1
412382009000801;1
393856009004701;1
408965009000801;1
398465009002201;1
414913009001501;1
412162009000401;1
405702009000201;1
410478009000101;1
388591009004801;1
409156009001801;1
411620009000801;1
429014009000201;1
405702009000401;1
407008009000201;1
388803009000101;1
446466009002401;1
408956009000101;1
403909009000401;1
388110009000501;1
399400009000401;1
393892009001701;1
414737009000701;1
391838009000101;1
402611009001101;1
387825009000301;1
407010009000101;1
409781009000201;1
412564009000201;1
412194009000101;1
410960009000201;1
415500009000701;1
401824009001301;1
413855009000801;1
405339009001301;1
402912009000201;1
411246009005701;1
407408009000101;1
457138009000101;1
422790009000201;1
404559009000601;1
410955009000101;1
404041009000201;1
400331009000301;1
400841009000301;1
416342009001301;1
388232009000101;1
409552009000101;1
394774009000101;1
407040009000601;1
394845009003901;1
394845009003801;1
401125009001001;1
407462009001401;1
400670009000301;1
413994009000301;1
407709009002601;1
391987009000101;1
402480009001801;1
409160009000801;1
395340009002201;1
404427009000401;1
410288009001901;1
404670009000101;1
406465009000201;1
402620009002001;1
407025009001101;1
391987009000301;1
410468009000801;1
433234009000601;1
412746009001801;1
395782009001001;1
399976009001001;1
399867009001601;1
412837009001201;1
392996009002201;1
406384009000101;1
419938009001301;1
414190009000701;1
407930009000401;1
395030009001001;1
464563009000101;1
412405009000201;1
404217009001301;1
410468009002501;1
412158009000101;1
399930009000901;1
394862009000101;1
410647009002201;1
412082009000101;1
398388009000501;1
405370009000801;1
402944009000801;1
414177009000301;1
389438009001101;1
409457009000101;1
400219009004401;1
400219009004801;1
415034009000101;1
432545009000301;1
401128009000101;1
407847009004201;1
400515009001001;1
406561009004301;1
387993009001301;1
410519009000901;1
393724009000601;1
440948009000101;1
412382009000501;1
412807009001101;1
407582009002301;1
399438009000801;1
404143009000801;1
406236009001401;1
395438009000501;1
392037009000101;1
420035009001501;1
400351009000701;1
429960009000101;1
409030009001301;1
406099009000201;1
419042009000801;1
387316009000101;1
411430009000801;1
406384009002701;1
402608009002301;1
399714009002101;1
410136009001101;1
414637009000301;1
382601009002501;1
414194009001301;1
396055009004701;1
400494009000201;1
411520009000501;1
399413009000301;1
439066009000101;1
409356009000201;1
409878009000601;1
414059009001001;1
386890009000101;1
404115009000101;1
409356009000101;1
405259009001001;1
404135009000201;1
387864009000801;1
412842009000301;1
407993009001401;1
409398009000301;1
408956009001401;1
410895009000901;1
409859009000401;1
411134009002101;1
388995009000601;1
413474009000101;1
406299009000501;1
414359009000201;1
409541009001301;1
408306009000701;1
411872009000101;1
402755009000301;1
409494009001101;1
395780009000901;1
407685009000101;1
399648009002401;1
407144009000101;1
402624009000201;1
411530009000901;1
408844009001501;1
399825009000101;1
407544009000101;1
410669009000601;1
404705009000901;1
403992009000301;1
404115009002201;1
391390009001801;1
404506009001101;1
410973009000201;1
412649009000101;1
416779009000201;1
413362009000101;1
404541009000601;1
410575009001301;1
402057009002201;1
399679009000201;1
414511009000801;1
414637009000101;1
403944009002701;1
410903009001601;1
412368009000401;1
415557009001301;1
399870009000401;1
390020009000601;1
412396009001001;1
404427009000501;1
410554009000101;1
411134009000701;1
405946009000301;1
410770009000201;1
414112009000801;1
411789009000301;1
373604009000601;1
412022009001401;1
427471009000101;1
395782009000601;1
397304009000301;1
404213009000401;1
387679009000101;1
396279009000401;1
400649009001501;1
399878009002001;1
399142009001801;1
434353009002501;1
415808009000101;1
465420009000301;1
411102009000101;1
409566009000601;1
402611009000101;1
408333009002501;1
410877009001401;1
404547009000201;1
404929009001101;1
412360009000101;1
395796009000101;1
407835009002201;1
260395009000201;1
398272009000701;1
397139009000501;1
405950009001401;1
409398009000201;1
396673009001101;1
410726009000101;1
409630009001001;1
386915009001201;1
394675009000101;1
408705009000101;1
409906009001001;1
402624009000101;1
393487009004601;1
419864009004001;1
399338009001801;1
404541009000501;1
389140009001101;1
410885009000101;1
410769009000201;1
399438009001501;1
409943009001701;1
409198009000401;1
433202009000101;1
411541009001401;1
387308009000401;1
408636009000201;1
414861009000901;1
409985009000401;1
416734009001801;1
428871009000501;1
404254009000201;1
414315009000201;1
389408009000101;1
393856009004601;1
387859009000101;1
395030009002401;1
398688009000401;1
407795009000701;1
407046009001101;1
414990009000901;1
402480009001201;1
395363009000101;1
396377009001301;1
439637009000301;1
393746009001501;1
404217009001201;1
399921009002501;1
413346009000201;1
407557009000301;1
408629009000101;1
403846009000701;1
416738009000201;1
434831009000201;1
389872009003101;1
409335009001401;1
397133009001501;1
388300009000101;1
398142009001501;1
396915009001501;1
397098009000301;1
407692009001301;1
395806009001601;1
402625009000201;1
412127009000101;1
400999009000301;1
407023009000501;1
407692009000901;1
408656009000801;1
412393009001501;1
411889009001201;1
429012009001401;1
395450009002101;1
395525009002301;1
410456009000101;1
400387009002801;1
415557009000801;1
399053009001701;1
413362009000201;1
411642009000101;1
411530009001101;1
389872009000101;1
410524009000101;1
405339009002401;1
398860009001901;1
410872009000101;1
399664009002201;1
404705009001001;1
400599009000101;1
381714009001801;1
409005009000301;1
414603009002101;1
396101009000201;1
414165009002801;1
409679009002901;1
395012009002701;1
409863009000401;1
407557009000501;1
399331009001901;1
416735009000301;1
415453009000701;1
407318009000901;1
410001009002501;1
410575009001601;1
388096009000401;1
412382009001201;1
398409009000701;1
405691009002401;1
412420009001901;1
406932009002601;1
411234009000101;1
408540009000201;1
407544009001101;1
337572009003001;1
408336009000101;1
407497009000101;1
394845009003701;1
399867009001101;1
400680009001701;1
409146009001301;1
394860009002601;1
398744009002701;1
412822009000801;1
442977009000301;1
406551009001701;1
400741009001601;1
415762009003701;1
414809009002001;1
403857009000201;1
410157009001601;1
417470009000801;1
411642009000501;1
400193009000701;1
412345009000101;1
408716009000901;1
413854009001301;1
413509009000101;1
392266009000101;1
412313009000101;1
407497009001201;1
360090009001401;1
407803009001401;1
409424009000401;1
399962009000601;1
413834009000701;1
413834009000501;1
408313009000801;1
466028009000101;1
399938009001501;1
387859009000301;1
413123009001401;1
410953009001301;1
260395009000101;1
412649009001001;1
408975009002101;1
395340009002301;1
399987009000101;1
411083009002301;1
414177009000201;1
395238009001201;1
387757009000601;1
399651009000101;1
399385009001301;1
413834009000601;1
388591009000401;1
411530009001001;1
409393009000701;1
410010009000401;1
401293009000301;1
408333009002301;1
398814009000601;1
424464009000101;1
395340009000801;1
388979009000801;1
407117009001401;1
396875009001301;1
387162009002901;1
397284009000301;1
386919009000201;1
408306009001001;1
412345009000201;1
401296009000201;1
411872009001501;1
398132009000601;1
410955009003901;1
415779009001301;1
373604009000101;1
407659009000101;1
415034009000501;1
408628009000401;1
430457009003601;1
409963009002401;1
404429009002001;1
407672009000801;1
438928009001201;1
397745009001701;1
411267009000101;1
413436009000101;1
391432009003301;1
411545009002301;1
414019009000201;1
403809009000701;1
395320009001301;1
386916009000101;1
407557009000601;1
411077009000801;1
399825009000201;1
409144009000201;1
407025009000101;1
412094009001101;1
407952009000801;1
408313009000901;1
400606009000501;1
410561009003601;1
405704009001501;1
402271009000801;1
401831009002201;1
405950009001901;1
409526009000101;1
411424009000101;1
409366009000201;1
410001009000901;1
387159009000101;1
399385009001101;1
406561009003701;1
393487009000301;1
434624009001101;1
390021009001001;1
402555009000101;1
393856009000401;1
402381009001301;1
400407009001301;1
400193009000801;1
404354009000701;1
398126009000801;1
406437009000801;1
412907009000101;1
407917009001301;1
393813009000401;1
360090009003201;1
410943009003001;1
444803009000201;1
399812009001001;1
402755009000201;1
337572009002801;1
387183009001601;1
390507009000801;1
409997009000101;1
383283009000201;1
409144009000601;1
410893009000201;1
387737009001001;1
409335009003201;1
407806009000401;1
407100009001401;1
398860009001601;1
410762009000301;1
409308009001401;1
410874009000601;1
409987009000401;1
412491009000101;1
465837009000101;1
413176009000201;1
410338009001001;1
409366009000101;1
391131009000101;1
468216009000301;1
410960009000101;1
407153009000101;1
412050009002201;1
412150009000101;1
391981009001301;1
415021009000201;1
408017009000201;1
413366009000101;1
404163009000201;1
401303009000701;1
414861009000101;1
389647009000101;1
392996009002301;1
381714009001601;1
416620009000201;1
391463009005801;1
408990009000201;1
407964009000901;1
395719009002601;1
412649009001101;1
410468009000701;1
390757009001701;1
411829009001201;1
410894009000501;1
414343009001301;1
399847009000101;1
412056009000301;1
404427009000301;1
389456009000301;1
433565009001001;1
467876009000101;1
409420009000101;1
410561009003501;1
407491009000901;1
403621009000201;1
406369009002601;1
415371009000401;1
402042009000201;1
412144009000401;1
411025009001201;1
409624009000301;1
416083009000501;1
412290009001001;1
404167009000601;1
399797009001101;1
396440009003201;1
416734009000201;1
404041009002001;1
398132009003101;1
413930009000801;1
412825009002301;1
404658009000101;1
409669009000101;1
404453009000501;1
406410009000101;1
420880009000301;1
409149009002301;1
399941009000101;1
407801009000201;1
398744009000801;1
398922009001501;1
463852009000101;1
427584009000501;1
413647009001901;1
406551009003401;1
409557009000801;1
413969009001001;1
412363009001701;1
409165009003001;1
414637009000201;1
408537009000201;1
412360009000201;1
411210009000101;1
400961009000701;1
408038009000901;1
387757009002601;1
414194009000901;1
400387009001901;1
414374009001401;1
424464009000201;1
408913009001601;1
411872009000201;1
404354009000801;1
405950009002001;1
398744009000501;1
412420009000101;1
401303009000601;1
260402009000301;1
406236009000201;1
404947009000601;1
388183009000501;1
406383009000201;1
411077009000901;1
399331009002301;1
405814009001901;1
409541009001201;1
401764009001101;1
399935009001301;1
412338009001001;1
412366009004201;1
446830009000701;1
413621009000701;1
410507009001101;1
408703009000501;1
400450009000701;1
337572009002901;1
387737009000101;1
406283009001101;1
402818009002401;1
387825009000101;1
396281009000501;1
399656009000101;1
407995009001001;1
447125009003601;1
411430009002401;1
398688009000301;1
410338009001201;1
397148009001501;1
416620009001001;1
411875009000401;1
407008009000301;1
395238009001301;1
414059009000701;1
409339009003201;1
408830009000101;1
389140009000101;1
415762009003801;1
395806009001701;1
397501009004101;1
364772009000601;1
413969009000101;1
407432009000201;1
398132009000401;1
398831009001801;1
413517009001601;1
387999009000301;1
407902009000501;1
413403009000901;1
393746009001601;1
400515009000601;1
411791009001101;1
409626009000801;1
403846009000101;1
406561009005101;1
411246009005901;1
404213009000101;1
401283009001101;1
409953009000101;1
413621009000601;1
411857009000201;1
409890009001001;1
974331009000601;1
416933009000201;1
411875009000301;1
398744009000201;1
419113009000101;1
433565009000901;1
414476009000101;1
414019009000101;1
413308009000201;1
402597009000401;1
396440009000601;1
409679009003001;1
409638009001601;1
400432009000401;1
414489009000201;1
411246009003901;1
390899009002501;1
411724009001301;1
337572009002201;1
405496009000701;1
402615009000201;1
402480009000801;1
409942009000301;1
401824009001401;1
397745009000101;1
412056009000201;1
410001009001001;1
406561009005201;1
401134009000601;1
405244009000201;1
402460009000201;1
415892009001001;1
408901009001201;1
402620009001201;1
410877009000201;1
409280009001401;1
413561009000101;1
400187009001701;1
411573009002301;1
410010009000701;1
408699009001301;1
402832009000801;1
390737009000101;1
415892009000201;1
422460009000101;1
446830009000101;1
413894009001401;1
416772009000201;1
407040009000401;1
406384009002601;1
409677009005001;1
407023009000601;1
404113009001501;1
400638009000201;1
420147009000401;1
413581009000901;1
400680009000201;1
409781009000301;1
410814009002101;1
407011009000101;1
410162009001601;1
413574009000201;1
381102009000101;1
413346009000101;1
409863009000501;1
410894009000801;1
407993009001201;1
392350009001301;1
469911009000101;1
406932009002701;1
411859009000601;1
404290009000301;1
410554009000201;1
408498009000301;1
463323009000201;1
429012009002201;1
413362009001101;1
412825009000701;1
403753009002101;1
397912009000301;1
408336009000301;1
396281009000701;1
398132009000701;1
412444009002901;1
411160009000201;1
412918009001601;1
410138009002501;1
413727009001301;1
387162009000301;1
417447009004001;1
410769009000301;1
404191009001001;1
434848009000101;1
414809009001801;1
411573009002501;1
387859009000201;1
396627009001301;1
412346009000201;1
399338009001601;1
413367009001901;1
412186009002901;1
409144009000101;1
399438009003001;1
408305009000701;1
432545009000101;1
414947009000501;1
415056009000101;1
395163009003101;1
440843009000201;1
409813009000201;1
412223009000101;1
405691009002001;1
414905009000601;1
407033009000401;1
400819009000201;1
416083009000201;1
382601009000601;1
413133009001401;1
410814009000101;1
407010009001601;1
396506009000501;1
413896009003101;1
412102009000401;1
420066009000701;1
373604009000701;1
412444009003001;1
410157009000101;1
406101009001401;1
402825009000101;1
351515009002101;1
323332009000101;1
399299009002401;1
386995009002001;1
412918009000301;1
424464009000301;1
427213009000101;1
411987009000101;1
412366009004801;1
409555009001301;1
411976009000301;1
412417009000901;1
387038009000101;1
386890009000201;1
409764009000301;1
415500009000801;1
404587009000601;1
388995009000501;1
412366009004001;1
398465009000101;1
409863009000601;1
407040009000701;1
414929009000301;1
413834009000801;1
409146009000901;1
409555009000501;1
396313009000301;1
390594009002001;1
400060009002201;1
414728009000501;1
392037009000801;1
410314009000801;1
395668009000401;1
411795009000101;1
404147009000701;1
406138009000301;1
415075009003901;1
391463009001001;1
415971009000401;1
405841009001801;1
388089009002401;1
405997009000201;1
402877009000501;1
405376009000101;1
399664009001201;1
393653009001101;1
414754009004601;1
403909009000101;1
396377009000101;1
407318009003001;1
399970009001501;1
414248009002101;1
401428009000101;1
400719009000301;1
413756009000301;1
402912009000301;1
411077009000101;1
399142009001601;1
400889009000201;1
397326009000201;1
389872009003301;1
411426009000501;1
395163009000301;1
396279009002301;1
393809009000801;1
411426009001001;1
410575009001201;1
422790009000301;1
411450009002801;1
399425009000801;1
412209009000201;1
414752009000901;1
413123009000201;1
400659009001101;1
434624009000401;1
413858009000101;1
411875009000501;1
411446009000401;1
409566009001101;1
393856009000301;1
412186009003001;1
414737009000101;1
410812009001001;1
412116009000101;1
412469009000301;1
394283009002701;1
403909009001601;1
419078009000301;1
401296009002301;1
414321009000301;1
401128009000201;1
463303009000201;1
414885009001001;1
411789009000201;1
390027009001601;1
402381009000401;1
411223009000101;1
396279009002001;1
407917009001601;1
423301009000101;1
396269009001901;1
406038009000601;1
407610009000201;1
410940009000301;1
411642009000201;1
396281009000801;1
410955009000901;1
413830009002101;1
406236009001301;1
434831009000101;1
410524009000201;1
404623009001901;1
397113009000401;1
413956009001201;1
396282009000901;1
399436009002201;1
414754009004901;1
412837009001101;1
407924009002401;1
404623009002001;1
409962009000501;1
395782009000501;1
413574009000101;1
400863009000201;1
386773009000601;1
408659009000101;1
393892009000101;1
394675009000201;1
390599009001101;1
393746009002101;1
401764009002701;1
409942009000401;1
409393009000201;1
410162009001701;1
409526009000201;1
417317009001001;1
405339009003101;1
413930009000901;1
403992009000201;1
402042009000101;1
409149009001701;1
399400009000301;1
412098009000301;1
408955009001201;1
413489009000301;1
411995009000701;1
410647009002401;1
405946009000401;1
406178009000301;1
404023009001001;1
414716009000501;1
381714009002101;1
412918009001401;1
397148009001401;1
410740009000201;1
389647009001201;1
408955009001101;1
387999009000201;1
402703009000101;1
416479009000101;1
399299009002001;1
387260009002201;1
399924009000801;1
400114009002501;1
400065009000101;1
401645009000101;1
408537009000301;1
395438009000101;1
388591009000201;1
406068009001501;1
404191009001101;1
407993009000101;1
419864009001801;1
416411009000801;1
409549009001301;1
416789009000201;1
408313009000701;1
401293009000601;1
400114009000801;1
322821009000401;1
414359009000101;1
399385009001001;1
413317009000201;1
396506009000101;1
400344009000401;1
410762009000201;1
404433009002701;1
415899009000301;1
396040009000101;1
413896009001001;1
414752009001001;1
405348009003601;1
434291009000401;1
398130009000101;1
434624009001301;1
406561009004201;1
401005009000101;1
400649009000101;1
408826009000201;1
398922009001401;1
414822009000101;1
409943009000201;1
395377009000701;1
391975009001601;1
409541009001101;1
413477009000601;1
414905009000801;1
408313009001001;1
410973009000301;1
397745009001801;1
396055009004801;1
408867009002901;1
408916009000101;1
400684009000301;1
393653009001001;1
402621009000401;1
382635009004001;1
417459009002001;1
411620009001001;1
412022009001501;1
399881009001901;1
395320009000501;1
398409009000501;1
410955009001001;1
398585009000101;1
392266009000201;1
414746009000501;1
414282009001501;1
412980009000201;1
401293009000101;1
409764009000201;1
400070009000101;1
391975009001701;1
414493009000801;1
401720009001201;1
409125009000201;1
416088009000701;1
409149009002601;1
398409009000601;1
414905009000501;1
401428009000201;1
412023009002001;1
411135009000101;1
411452009000101;1
416458009001201;1
397154009003101;1
386906009000201;1
411573009000201;1
974331009003201;1
400719009000201;1
412429009000801;1
407565009000801;1
407400009001101;1
389970009000301;1
409677009005101;1
411223009000301;1
412023009001901;1
419938009000901;1
407794009000101;1
406068009000201;1
397167009001101;1
410877009001901;1
410478009000201;1
389047009000101;1
416682009000101;1
399926009000101;1
396585009000101;1
414822009000201;1
410894009000701;1
405814009002001;1
402832009001601;1
386906009000301;1
400031009000801;1
415755009000901;1
407995009000201;1
388008009000701;1
409626009000701;1
413830009002001;1
397284009000201;1
413854009001401;1
409745009002201;1
389456009000201;1
404947009002001;1
412303009002001;1
410338009001301;1
407046009002401;1
405702009000101;1
409429009000101;1
402872009000201;1
396097009000101;1
407803009000801;1
400670009000501;1
401929009002301;1
398170009001801;1
407400009000801;1
390899009002401;1
409339009000701;1
408054009000301;1
393022009002001;1
410590009001201;1
405476009000301;1
403753009002601;1
403808009002801;1
389970009000201;1
399768009001101;1
399919009000301;1
406271009000201;1
414693009000201;1
391981009000301;1
392727009000901;1
408059009000401;1
411194009000901;1
410812009000901;1
406038009000501;1
402944009000901;1
406551009000301;1
412573009001901;1
416083009000101;1
402271009000401;1
401006009001401;1
408054009001001;1
395377009001101;1
407310009002201;1
404925009000101;1
408109009000801;1
399674009000301;1
393746009001401;1
420053009000601;1
446685009000501;1
397328009001501;1
406138009000201;1
392939009000301;1
419091009000101;1
404925009000301;1
410162009001301;1
387167009001501;1
414167009000601;1
399926009000201;1
393487009000401;1
165077009001001;1
408046009001201;1
413517009001001;1
360090009001901;1
412303009000901;1
413992009000101;1
404433009000101;1
409211009001101;1
391525009000601;1
387277009001001;1
388680009002401;1
409859009000201;1
408901009002501;1
404361009000401;1
407709009002401;1
400114009001001;1
392939009000201;1
409884009000301;1
404156009000301;1
399864009000701;1
411600009001101;1
406561009003801;1
386915009000101;1
410829009000101;1
404655009000801;1
409156009000101;1
408881009000201;1
412301009000201;1
413362009001001;1
395691009001301;1
404307009002001;1
414224009000101;1
412822009000901;1
411424009000201;1
974331009000501;1
406437009001901;1
407787009001601;1
432545009000201;1
407491009001801;1
407787009000101;1
410770009000101;1
399976009001301;1
410456009000201;1
411859009000801;1
409211009001601;1
460998009000101;1
412094009001001;1
420147009001401;1
404759009000101;1
414913009000101;1
401786009001101;1
393079009000901;1
398126009001101;1
400612009000701;1
391571009000201;1
393789009000101;1
405348009003501;1
397985009000101;1
403799009002001;1
387162009000101;1
409172009001201;1
400459009000101;1
407848009000301;1
409149009000101;1
405691009002301;1
387679009000201;1
410808009000801;1
386944009002101;1
408010009000101;1
387841009000101;1
397284009001601;1
408703009000201;1
409626009000601;1
405642009000101;1
404670009000201;1
400114009001101;1
412275009000701;1
411708009001201;1
387167009001301;1
411875009000201;1
396440009000501;1
405821009000101;1
402872009001101;1
407310009002101;1
406238009000301;1
388591009000101;1
395320009001201;1
388471009000201;1
410439009000201;1
409745009000101;1
402814009000701;1
408502009000101;1
410113009000201;1
420066009000101;1
413560009000101;1
413317009000101;1
414315009000101;1
402615009000101;1
389647009001301;1
411849009000901;1
413642009001501;1
409985009000101;1
412401009000101;1
412022009001301;1
406907009000601;1
412144009000501;1
415075009000301;1
409985009000201;1
407939009000101;1
395377009000801;1
406465009000101;1
390027009001501;1
415907009001501;1
404307009000101;1
393724009001401;1
400494009000601;1
415075009003801;1
407400009000601;1
407318009000801;1
413992009000201;1
412418009001101;1
409172009001301;1
412971009002601;1
401720009001801;1
401005009000201;1
414476009002801;1
411791009001201;1
414754009004501;1
408703009000301;1
412918009001701;1
400606009000601;1
392019009000501;1
401321009001501;1
413176009000101;1
393805009000901;1
399411009001401;1
433972009000501;1
401125009000901;1
412829009001301;1
398744009000101;1
409989009000201;1
413956009000901;1
413477009001301;1
387825009000201;1
413560009000801;1
407117009000201;1
409003009001701;1
386987009002101;1
389140009000201;1
409211009001401;1
438928009000301;1
407310009000401;1
408046009000901;1
323332009000201;1
388241009000701;1
397133009002401;1
396282009001101;1
412825009003401;1
412825009001801;1
440948009000701;1
411006009000501;1
412303009002101;1
407153009000301;1
410895009000801;1
411085009000101;1
412746009001901;1
410647009002101;1
411246009005801;1
414905009000701;1
391463009001101;1
400667009000301;1
388096009000501;1
417317009000401;1
410495009000101;1
411168009000101;1
411010009001301;1
395363009003301;1
398173009001701;1
398142009000101;1
408956009001501;1
412821009001201;1
398126009001201;1
399930009000701;1
413896009002701;1
407144009001001;1
373604009001601;1
391571009000101;1
404499009000501;1
409671009001501;1
411367009000301;1
406383009000101;1
406437009002001;1
395685009000701;1
411724009000101;1
413561009000201;1
400450009000601;1
435512009001101;1
414224009000201;1
395163009000401;1
411620009000601;1
406099009000101;1
410750009001301;1
403889009001401;1
400432009000301;1
414196009001401;1
434848009000401;1
415075009003701;1
408931009000101;1
400060009001501;1
410136009000101;1
409149009000301;1
367540009000101;1
396040009001201;1
408599009001001;1
391987009003401;1
396263009000801;1
400070009002201;1
388096009000101;1
399828009000401;1
414884009000301;1
398465009000201;1
388479009001001;1
409859009000301;1
408636009000301;1
397133009002801;1
408017009000101;1
399828009000201;1
410621009001101;1
405370009000201;1
409308009001601;1
427584009004501;1
404655009000501;1
390757009001901;1
412257009001801;1
409943009001801;1
398126009001301;1
413317009000301;1
395838009000201;1
404142009000201;1
394102009001001;1
420231009000801;1
408955009002301;1
399866009001501;1
409172009001401;1
413896009001101;1
408154009002301;1
395238009002801;1
389872009000301;1
396263009000701;1
409612009001301;1
406465009002001;1
396673009001201;1
411246009000801;1
399970009001401;1
410162009001401;1
410338009001101;1
395525009001801;1
406920009002201;1
383283009002701;1
412918009001501;1
434831009000501;1
396313009000201;1
411168009002401;1
440849009000801;1
413834009001001;1
403799009000101;1
408804009000301;1
412458009000101;1
389356009000201;1
411199009000401;1
412348009000101;1
403909009001501;1
434291009000501;1
402555009000201;1
412396009000101;1
408019009000901;1
397326009000101;1
408844009000701;1
429014009000101;1
408046009002301;1
409801009003001;1
400331009000201;1
410590009001301;1
434289009000301;1
410138009001001;1
394515009001001;1
411191009000101;1
392173009000301;1
387228009001801;1
404515009000301;1
408990009000101;1
408906009000301;1
415371009000601;1
404541009001901;1
410647009002801;1
413176009000701;1
412711009001301;1
405259009000901;1
409824009000101;1
408273009000101;1
408333009002601;1
411006009001101;1
408102009000201;1
410874009000201;1
411872009000301;1
407610009000101;1
409884009000201;1
394979009000301;1
388110009000401;1
399987009000601;1
414746009000601;1
398814009000701;1
411541009000601;1
399142009001701;1
387940009000901;1
416083009000401;1
403818009000101;1
414884009000401;1
407201009001601;1
403918009000101;1
395345009001801;1
404206009000201;1
410630009002401;1
399299009000101;1
412186009001801;1
411450009003301;1
409612009000501;1
469061009000101;1
414729009000501;1
413367009001701;1
413615009000101;1
415129009000301;1
400407009000901;1
407153009000201;1
399828009000301;1
400599009001401;1
396263009000501;1
409679009000701;1
395377009001201;1
408906009001501;1
387277009000801;1
460536009000301;1
411446009000201;1
974331009000701;1
409677009005201;1
399930009000801;1
412068009000501;1
388697009002901;1
408032009002801;1
410575009001501;1
404225009000501;1
397148009000801;1
400187009001801;1
397148009000701;1
387552009001101;1
407607009001801;1
412275009000801;1
406038009000101;1
412825009003801;1
416458009000801;1
412313009000201;1
458929009000101;1
408010009000201;1
409335009002901;1
412393009000201;1
407706009000501;1
407830009001201;1
414059009000901;1
412420009000301;1
447125009000101;1
399867009001001;1
412564009002201;1
409800009000901;1
415808009002901;1
409679009000801;1
434348009000101;1
434333009000101;1
410971009000201;1
415325009000801;1
412023009001101;1
408305009000801;1
402748009001801;1
411191009000301;1
404308009000101;1
387228009001701;1
412971009001901;1
412382009001501;1
382635009003201;1
400060009002701;1
404623009002101;1
440849009000601;1
420053009000301;1
389872009003201;1
399411009000101;1
409233009001101;1
415557009000301;1
395368009000501;1
388241009000601;1
391591009000201;1
398272009002401;1
412368009000101;1
399425009000701;1
409831009001401;1
408815009002401;1
396585009000201;1
415017009000201;1
411859009000701;1
165077009000101;1
402814009000601;1
394084009000301;1
402460009000101;1
416917009000401;1
391131009000201;1
387993009001201;1
440849009000701;1
419144009001101;1
395345009000701;1
411234009000201;1
415325009000901;1
367540009000201;1
434333009000201;1
409544009000101;1
462914009000201;1
404113009000101;1
388680009000601;1
404623009003201;1
396627009001401;1
413609009001401;1
413489009000701;1
387308009000801;1
409356009004301;1
400612009001401;1
403808009002901;1
400505009001001;1
416791009000201;1
411664009000401;1
416737009000201;1
439688009001101;1
387864009000701;1
391591009000101;1
433972009000601;1
411246009007601;1
393805009000601;1
397167009001201;1
405348009003401;1
398132009001301;1
410808009000901;1
404254009000101;1
404506009001201;1
408498009000401;1
401929009002401;1
412179009000401;1
393864009001801;1
465178009000101;1
404308009002501;1
400060009002601;1
399812009003801;1
393813009003401;1
407858009001801;1
404099009000101;1
399226009000401;1
412102009000101;1
411791009001501;1
404191009001201;1
407415009000401;1
402733009001001;1
404111009001301;1
412825009000501;1
414248009000101;1
397677009002701;1
406207009000101;1
414194009001001;1
404607009001201;1
399648009000101;1
415022009001601;1
405704009001301;1
406551009001601;1
404506009000801;1
412432009000501;1
433193009004001;1
394728009002301;1
400999009000101;1
415779009001101;1
412023009000701;1
399921009001201;1
395388009002601;1
415440009001501;1
404156009000201;1
410621009001001;1
394283009002801;1
404135009000101;1
411452009001401;1
419983009000301;1
414340009000801;1
408899009000701;1
409764009000401;1
444803009000101;1
400187009000101;1
411849009000701;1
399812009000901;1
406207009000201;1
393892009000201;1
386773009000501;1
413756009000401;1
414209009000101;1
409003009000101;1
409005009000201;1
408931009000201;1
401321009000301;1
410338009000801;1
416088009000601;1
407995009000101;1
409813009000101;1
411077009000201;1
410138009001101;1
396875009001401;1
409878009000401;1
407490009000501;1
411664009002101;1
367540009001701;1
407850009001101;1
413403009003001;1
412037009002401;1
393805009001001;1
414340009000701;1
409335009003001;1
413436009000901;1
408972009002001;1
414809009000201;1
396627009002701;1
409566009001201;1
396055009004301;1
408334009000601;1
415022009001501;1
396413009001301;1
443194009000301;1
414929009000201;1
409624009000401;1
410973009003001;1
416848009001101;1
399338009001701;1
412098009000201;1
414947009000601;1
397745009002201;1
409233009001201;1
412186009001701;1
416083009000301;1
386919009000301;1
415222009000201;1
401764009001001;1
413513009000501;1
408844009000801;1
396915009001601;1
409764009000101;1
408975009000801;1
399664009001101;1
400719009002401;1
387841009001501;1
409781009000401;1
410816009000201;1
409532009000501;1
388975009000901;1
397326009002401;1
412209009000101;1
400114009003801;1
436075009000401;1
406551009001801;1
404206009000101;1
413308009001101;1
397133009002601;1
414340009000301;1
387316009000201;1
397745009001901;1
409671009001901;1
413364009000301;1
399674009001001;1
412429009000301;1
411210009002501;1
416735009000401;1
400667009000201;1
405496009000801;1
465622009000201;1
415021009000301;1
415755009000801;1
404156009000101;1
394774009000301;1
413299009000701;1
399296009001401;1
408830009001401;1
410812009002301;1
404135009000301;1
407795009000801;1
405259009001301;1
412564009000301;1
409634009000801;1
409811009000101;1
412321009001601;1
416795009000701;1
414196009001701;1
419864009001501;1
419078009001001;1
409194009000101;1
413980009000301;1
402682009000901;1
408839009000101;1
412028009000101;1
403799009000301;1
409437009000601;1
413513009000601;1
406139009000101;1
406927009000101;1
406012009000601;1
408913009000101;1
413893009000201;1
396915009001401;1
414321009000201;1
412035009000401;1
413385009001301;1
412341009000101;1
414744009000301;1
409628009000801;1
406920009001701;1
399164009000801;1
399714009000501;1
406905009001201;1
400749009000401;1
408090009000601;1
411747009001401;1
417306009000701;1
416854009000701;1
409532009000401;1
414179009000401;1
412711009000701;1
399845009000701;1
414990009000101;1
409437009000501;1
412844009000101;1
413393009000101;1
393864009001701;1
411664009000501;1
399647009000801;1
410657009000201;1
409222009001301;1
409391009000101;1
399647009001201;1
411085009000201;1
404308009000201;1
413893009000101;1
422790009000101;1
407830009000101;1
412341009000401;1
412330009000201;1
439723009001501;1
410157009000201;1
402844009000101;1
406233009002001;1
411100009002801;1
409160009000301;1
409942009000201;1
413229009000101;1
403944009002901;1
434289009000801;1
414727009001301;1
414361009000401;1
414163009000501;1
411725009000201;1
411125009000101;1
405375009000101;1
393793009000301;1
415087009000701;1
408815009000701;1
402403009000201;1
414304009001101;1
415779009002201;1
409986009000601;1
396101009000101;1
409194009000201;1
404667009000101;1
393791009000201;1
406905009001101;1
393813009003501;1
414111009000201;1
388659009001301;1
417306009000801;1
411437009000201;1
412841009000201;1
409114009001101;1
402883009000201;1
414744009002401;1
412711009000801;1
402733009001101;1
415074009000201;1
403621009000101;1
391302009000201;1
413261009001001;1
410289009000301;1
409745009000201;1
410670009000901;1
413361009000101;1
409831009001201;1
400351009000401;1
411077009003101;1
413393009000801;1
415088009000701;1
387993009001401;1
419108009002001;1
394979009000201;1
423186009000101;1
462679009000101;1
465092009000101;1
409016009000101;1
405821009000201;1
413301009000501;1
412573009000301;1
413271009000301;1
412821009000701;1
407991009000501;1
393795009000201;1
400643009000101;1
399176009001201;1
411747009000101;1
407417009000601;1
387316009001701;1
406254009000301;1
399425009001501;1
407964009000201;1
393864009003101;1
413232009000401;1
409634009000901;1
386995009001901;1
397745009001601;1
387260009002701;1
408031009000701;1
409671009001401;1
407200009000301;1
415084009003301;1
415084009001601;1
397912009000101;1
391463009001201;1
411169009000101;1
402877009000401;1
410885009000201;1
411430009000901;1
386944009000201;1
389438009001001;1
407020009001601;1
409515009000401;1
412418009000101;1
408599009000701;1
409222009001401;1
413613009000401;1
399797009000701;1
416411009000901;1
404183009001601;1
399875009001401;1
415971009000501;1
415083009001201;1
414183009000101;1
405314009000601;1
388659009001201;1
412417009000801;1
419999009000501;1
413875009000401;1
462498009000101;1
408568009000101;1
461416009000101;1
408907009000601;1
412491009001501;1
402695009000201;1
409469009000201;1
399875009000901;1
411111009000201;1
402744009000101;1
412837009000101;1
416848009001201;1
411027009000101;1
414489009000101;1
412702009000101;1
406233009000101;1
412333009000101;1
429588009000101;1
405841009001601;1
407672009000301;1
412840009000401;1
407582009000601;1
410010009000501;1
416411009001501;1
408804009000201;1
406529009000101;1
405373009002201;1
414727009001801;1
411245009001101;1
391926009000701;1
411573009000101;1
414757009000101;1
412469009000101;1
399875009000501;1
399885009000101;1
410903009000101;1
402057009000101;1
397098009000201;1
459556009000101;1
407709009001501;1
409811009000201;1
412838009000201;1
395245009000701;1
411192009000501;1
409551009000801;1
413642009000101;1
405781009000101;1
411874009000101;1
411367009000401;1
412626009000101;1
420104009001101;1
413642009001101;1
395245009000901;1
409494009000801;1
405259009000201;1
412941009001201;1
400515009000401;1
399714009000201;1
400953009001601;1
412086009000301;1
407077009000501;1
411976009000101;1
402889009000801;1
412011009000401;1
393797009000301;1
404201009000101;1
411874009001101;1
412429009000701;1
414893009000601;1
406058009001301;1
400930009000101;1
388659009000101;1
414923009000101;1
407417009000501;1
409646009002101;1
407607009000101;1
403918009000201;1
410289009000201;1
414511009000701;1
400684009000201;1
411621009000901;1
409931009002301;1
407408009002401;1
388659009001101;1
402883009003901;1
409802009000101;1
409801009003101;1
409657009000301;1
386976009000601;1
396269009002001;1
401679009001001;1
407937009000301;1
402695009000101;1
403808009000201;1
409282009000501;1
412367009000201;1
409125009000101;1
398688009000501;1
412367009000101;1
409165009000401;1
411959009000101;1
406139009000601;1
414165009001501;1
413727009000101;1
410319009000301;1
411542009000601;1
400649009001001;1
402834009000401;1
409981009001101;1
415054009000101;1
407310009000501;1
432373009000101;1
409030009001401;1
404080009000901;1
411776009000301;1
409160009002801;1
398081009001701;1
410010009000301;1
408705009000201;1
414757009001401;1
402889009001001;1
410472009000401;1
405373009000101;1
404937009001201;1
404149009002201;1
420880009000201;1
434353009000901;1
388183009000601;1
412825009000801;1
412334009000301;1
413133009001501;1
404143009001301;1
412768009001201;1
411125009000201;1
395719009000301;1
400643009000201;1
463085009000101;1
387183009001701;1
407033009000301;1
394102009000901;1
414209009001301;1
387879009000201;1
408032009002101;1
388089009000201;1
407408009001001;1
399411009000201;1
395363009000201;1
383283009000101;1
411478009000201;1
414061009000101;1
415024009000201;1
409986009000901;1
389866009000101;1
407200009000101;1
414744009002501;1
410319009000201;1
423686009000701;1
415095009001701;1
403661009000101;1
407835009000501;1
400065009000201;1
414059009000101;1
404163009000101;1
407168009000101;1
409444009000301;1
414196009001601;1
411118009000101;1
408804009000101;1
423040009000701;1
412037009000601;1
412907009000201;1
415004009000101;1
409931009002001;1
423046009000101;1
391926009000801;1
407020009000701;1
404937009001301;1
410594009000501;1
386987009000301;1
412829009001101;1
388089009000301;1
413271009000401;1
400432009000201;1
409160009002101;1
414511009000901;1
413727009000201;1
403944009002801;1
400897009000701;1
412050009000101;1
413709009000301;1
412341009000501;1
407964009001201;1
415089009000301;1
406905009000601;1
387260009002101;1
400767009000501;1
402755009000101;1
400741009000101;1
412209009002001;1
408815009000101;1
414974009000401;1
411931009001201;1
415057009000101;1
402381009000101;1
413232009001701;1
409671009002001;1
396896009000201;1
406369009001301;1
413647009002001;1
412086009001201;1
467596009000101;1
409114009001601;1
406907009000201;1
419864009001401;1
412845009001301;1
389970009000101;1
415084009003401;1
403867009000901;1
411118009000201;1
415084009002201;1
415089009000201;1
413513009000701;1
393813009001201;1
409662009001301;1
408867009000801;1
402610009000101;1
402403009000301;1
410594009000701;1
405314009000801;1
410670009000801;1
399053009001201;1
405347009000301;1
400897009000801;1
412341009000201;1
411245009001001;1
386944009000101;1
411976009000201;1
412050009000201;1
399860009000601;1
412330009000301;1
351515009002001;1
414209009001901;1
412573009000201;1
395719009002701;1
399714009002201;1
412841009000101;1
402733009001201;1
411848009000201;1
387260009002901;1
406058009000101;1
407044009000701;1
404893009000101;1
402528009000101;1
411521009000301;1
399860009000401;1
400407009001101;1
411108009001401;1
412341009000301;1
404149009000601;1
415053009000301;1
415440009001601;1
413301009000601;1
401273009000401;1
406254009000401;1
408568009000201;1
410113009000101;1
395685009000801;1
403889009001301;1
399439009000101;1
420104009001001;1
396896009000301;1
414343009001201;1
411246009004301;1
409444009000201;1
434170009000701;1
435263009000101;1
413229009001301;1
411521009000201;1
400930009000201;1
409420009002401;1
401679009001101;1
396313009000101;1
407807009000801;1
388471009000101;1
406994009001901;1
451274009000101;1
434848009001501;1
404587009000901;1
260395009001301;1
411437009000801;1
390021009000701;1
394283009002301;1
399812009002501;1
411621009000201;1
407915009001001;1
387737009000701;1
397328009000201;1
412340009000101;1
974331009000401;1
405348009000701;1
406178009001101;1
399425009002601;1
414760009000501;1
337572009003101;1
415371009001301;1
369453009001201;1
410814009000401;1
369453009001301;1
412918009001101;1
401689009000101;1
422460009002301;1
413486009000101;1
386987009000201;1
407565009001201;1
387757009001101;1
402865009000101;1
412444009002801;1
410245009000901;1
381714009000201;1
413755009000901;1
408867009001801;1
393856009003201;1
404623009001501;1
447125009000501;1
399886009001101;1
409677009001801;1
398555009000101;1
394862009000901;1
413350009001101;1
409555009002401;1
399919009000801;1
442977009000601;1
404041009002401;1
413530009000501;1
446830009000801;1
408032009000601;1
403808009002501;1
361143009001301;1
427444009000101;1
407011009000601;1
387228009000701;1
408159009000801;1
399413009004401;1
410877009000401;1
403909009002101;1
403909009001801;1
414194009001501;1
409671009000301;1
396248009001001;1
391432009001101;1
409988009000301;1
387993009000201;1
386944009000801;1
414153009001401;1
427584009002901;1
398132009002801;1
461673009000101;1
400719009003301;1
406927009004001;1
404925009003901;1
407913009001101;1
392350009001901;1
410816009000501;1
407847009000701;1
422790009000601;1
401689009000201;1
397501009000301;1
403753009002201;1
403909009004301;1
407310009002501;1
407565009000701;1
407866009001001;1
399299009001701;1
399413009000201;1
412342009000801;1
397985009001501;1
392870009000901;1
412417009002801;1
400114009001601;1
396413009000701;1
399664009000401;1
409280009001201;1
382635009003601;1
393856009005301;1
401831009000901;1
401831009001001;1
409308009001901;1
428871009000301;1
406551009000101;1
414929009001801;1
446466009002201;1
387864009000201;1
410808009002001;1
406275009000501;1
413727009001801;1
405841009002201;1
404338009001401;1
387260009000701;1
402814009000401;1
388300009002101;1
393892009000701;1
416735009001301;1
395345009000401;1
404156009000901;1
408333009000201;1
398272009002801;1
406236009000501;1
400114009001301;1
405704009000901;1
398173009000101;1
407880009001001;1
410590009002201;1
410816009000301;1
406300009000101;1
413251009000101;1
389140009004801;1
414306009001001;1
412838009001401;1
422460009003701;1
398132009000201;1
395377009001601;1
412809009001001;1
411959009000701;1
387757009002701;1
404088009000101;1
407807009000901;1
411747009000401;1
409878009001101;1
405347009002701;1
413679009002401;1
396269009001201;1
407400009000901;1
399436009000601;1
409214009000301;1
404072009001001;1
404115009002301;1
414693009001001;1
407787009000701;1
399886009001201;1
396413009007101;1
400962009000201;1
404072009000801;1
399299009001401;1
408899009003701;1
393856009002501;1
400962009000401;1
411246009001001;1
410590009002501;1
410316009000801;1
399976009002201;1
398831009000101;1
388479009000501;1
395373009000501;1
399924009001501;1
409813009001001;1
409985009000301;1
392727009000401;1
409544009000701;1
396055009004401;1
407010009000501;1
414194009002801;1
411898009002501;1
386916009001801;1
407867009001001;1
408628009002301;1
408351009000701;1
412116009001301;1
322821009000201;1
395806009000501;1
404925009000701;1
411077009003501;1
412842009000801;1
389356009001501;1
409003009001201;1
407010009000701;1
399664009001301;1
404533009001801;1
413261009000901;1
391630009000801;1
409335009001301;1
404023009003501;1
396269009001101;1
413754009001201;1
404499009000401;1
393653009001301;1
389456009001901;1
406068009000601;1
407408009002001;1
400144009001101;1
407911009001001;1
414691009001101;1
406561009004801;1
408629009001401;1
403818009001001;1
389140009000301;1
409356009000601;1
446685009000901;1
419113009002301;1
401824009000301;1
395320009000401;1
408306009001501;1
411446009001601;1
411191009000401;1
398142009000201;1
399924009001801;1
417086009001401;1
399846009001101;1
395877009000501;1
395363009001701;1
407709009000201;1
413317009001301;1
392037009001101;1
400210009000401;1
433193009000701;1
428986009000201;1
412746009002101;1
411168009001001;1
398272009000901;1
399436009001501;1
396101009000701;1
391987009001501;1
397148009001801;1
393813009003101;1
420053009002001;1
407491009000601;1
413317009002801;1
386944009000701;1
420188009000401;1
413679009000301;1
402737009001501;1
400962009000601;1
411390009000101;1
413350009000501;1
429012009003101;1
388479009000601;1
409677009004701;1
400664009000101;1
412564009001801;1
401378009000301;1
414773009000501;1
407709009001001;1
429012009002501;1
398142009001901;1
394515009000801;1
403909009000601;1
408333009000401;1
388680009002501;1
419091009001501;1
409521009002201;1
393487009004401;1
407046009002601;1
408529009002001;1
413364009000101;1
400841009004601;1
386995009002101;1
419983009000601;1
393795009000901;1
402057009000401;1
406207009002801;1
419111009001901;1
408202009000801;1
407432009002301;1
411246009003001;1
407176009001101;1
395388009000101;1
414489009000901;1
395833009001401;1
399164009000201;1
407432009002401;1
412144009001101;1
415056009000901;1
393487009000901;1
393813009003201;1
395833009001301;1
396373009001301;1
403846009000601;1
411446009003301;1
411191009000601;1
394695009000201;1
392735009000401;1
386906009000601;1
412825009001301;1
410138009001701;1
383283009001701;1
401645009000701;1
395388009003801;1
417459009000101;1
406236009001801;1
409677009001301;1
466676009000101;1
420109009000301;1
407432009000701;1
415453009001501;1
369453009000501;1
411246009004201;1
408059009001501;1
399924009000701;1
410561009004101;1
396313009000501;1
390507009001701;1
402460009003001;1
399436009000701;1
407807009005201;1
391981009000401;1
415004009001401;1
413362009000901;1
386919009002701;1
409931009001801;1
412822009000701;1
444803009001201;1
399164009000701;1
427983009000201;1
390757009001601;1
405314009000901;1
409424009001701;1
413733009000801;1
411795009000601;1
411999009002901;1
409555009000901;1
400649009003401;1
414203009001001;1
419113009002401;1
417396009000901;1
409194009000901;1
409280009001301;1
402825009000201;1
409393009003001;1
397677009001301;1
406138009000601;1
440849009002901;1
412626009001301;1
382635009001501;1
406561009004901;1
400670009000701;1
404433009001701;1
373604009000901;1
409657009000701;1
413489009002101;1
387757009003801;1
411898009001601;1
404655009001601;1
404156009000601;1
405370009002601;1
393856009001201;1
416411009000701;1
411191009000801;1
420880009000501;1
389140009000401;1
399797009002901;1
409393009003101;1
408975009002501;1
415500009001201;1
409832009000601;1
411541009000801;1
390677009002001;1
396269009000101;1
398555009000501;1
393487009002201;1
414194009002001;1
411191009001101;1
408059009000301;1
406561009004101;1
392735009000601;1
399664009002401;1
409165009001701;1
361143009001601;1
403909009001401;1
410906009000301;1
404925009000801;1
395377009002501;1
390899009001001;1
409211009000401;1
409280009001701;1
410316009001001;1
391463009004601;1
412257009002001;1
414203009001601;1
408656009001901;1
465536009000101;1
410590009002101;1
387737009000201;1
420147009000601;1
400962009003801;1
427153009000101;1
439637009000201;1
417470009000401;1
398585009000501;1
399299009000501;1
398555009000301;1
415453009001301;1
398448009000201;1
465694009000101;1
402682009001201;1
465444009000101;1
404115009002601;1
412842009001001;1
396627009003601;1
388089009001001;1
406383009001301;1
411246009004001;1
410561009004301;1
410647009000101;1
409677009000701;1
408659009000901;1
419953009000101;1
400060009001801;1
447125009001301;1
405841009001701;1
407011009001701;1
398173009002001;1
399411009002901;1
401283009000201;1
393892009002301;1
395340009000601;1
395320009000301;1
417459009000301;1
386661009000101;1
412405009001001;1
388471009001501;1
410895009000201;1
399438009003401;1
409781009001401;1
395388009000201;1
410561009004401;1
399436009000401;1
411620009001101;1
409233009001501;1
410869009000301;1
404307009000501;1
442977009000901;1
416682009001201;1
413567009001501;1
402460009001401;1
400962009001701;1
412941009001801;1
413679009000501;1
406038009000301;1
407100009001501;1
388008009000401;1
402829009000201;1
408703009001401;1
410906009000801;1
415347009001401;1
394117009001201;1
408881009001401;1
404602009000301;1
389140009000701;1
367540009000301;1
410245009002301;1
395525009004401;1
399768009003001;1
398142009001601;1
406178009000501;1
395320009000801;1
406369009001101;1
399864009001101;1
414374009001101;1
386919009001201;1
434291009000901;1
397284009002401;1
407415009000601;1
399768009001001;1
393022009000701;1
410816009000601;1
405373009000301;1
412144009001301;1
408502009000201;1
412674009000101;1
412144009001201;1
396248009000801;1
398173009002201;1
414153009001301;1
409555009004001;1
409677009000901;1
387162009000901;1
419864009000501;1
389133009002301;1
407417009000901;1
395363009000301;1
401764009003301;1
401764009002001;1
402695009000601;1
414194009003401;1
407995009000901;1
408821009000301;1
422790009000401;1
410895009001401;1
437213009000401;1
402593009001801;1
395877009000401;1
390677009000201;1
405841009001901;1
409393009002901;1
406383009000801;1
404623009001401;1
424464009000401;1
409989009000601;1
397328009001101;1
406300009002701;1
393892009000301;1
409963009000901;1
394121009000801;1
400741009000301;1
400060009002901;1
411255009001201;1
395782009002301;1
408502009000801;1
407993009001901;1
396281009001401;1
409832009000701;1
405370009002401;1
400070009002301;1
416620009001901;1
465062009000101;1
427584009006901;1
419864009000601;1
394256009000401;1
404623009003501;1
414194009002601;1
391630009001801;1
460952009000101;1
411848009001301;1
408502009000701;1
400649009002401;1
387737009002201;1
407939009000201;1
399847009000601;1
414754009000201;1
387260009002301;1
406384009000401;1
412274009001601;1
415453009001601;1
400114009001401;1
397326009002601;1
435512009001001;1
390899009000101;1
412971009002101;1
399924009001301;1
415222009001501;1
399413009001101;1
405841009001301;1
414637009000901;1
406178009001301;1
405339009001801;1
398922009000701;1
420231009000201;1
398922009000801;1
412274009001501;1
405314009000701;1
391131009000601;1
323332009002101;1
390677009002101;1
399261009000401;1
388089009001301;1
414203009001501;1
395377009001401;1
408334009000701;1
414754009000601;1
415755009001301;1
413971009000101;1
413436009000601;1
413489009000601;1
407685009001701;1
393813009003001;1
404625009002101;1
411976009000801;1
404213009001001;1
412401009002101;1
427584009001901;1
414773009000201;1
408628009001301;1
411541009002401;1
427471009001201;1
395782009003201;1
416682009000201;1
410316009000701;1
393798009001301;1
396440009001301;1
410812009000601;1
401283009001301;1
442119009000801;1
391987009000601;1
411135009000601;1
414203009001801;1
409679009001501;1
407607009000901;1
407565009002001;1
396040009001401;1
408844009003801;1
412144009000101;1
403808009002601;1
400649009003601;1
407939009001601;1
407848009000701;1
404167009001501;1
402832009000201;1
407310009002301;1
414177009000501;1
408090009001601;1
400841009003901;1
389866009001101;1
410316009001101;1
414256009000301;1
391131009001001;1
415755009001101;1
414806009000501;1
386915009001701;1
410816009000401;1
403808009002201;1
419113009002101;1
393856009000601;1
396282009000201;1
387552009000701;1
413733009001101;1
414754009000801;1
412564009001601;1
394454009000501;1
398132009003301;1
412303009001901;1
399866009001301;1
419102009000901;1
396413009005901;1
398585009000301;1
404602009000901;1
410245009000801;1
401293009000801;1
408529009001401;1
387993009000101;1
414204009001701;1
165077009002801;1
400961009000101;1
414203009001401;1
402381009003301;1
422790009000501;1
414374009000801;1
388680009001201;1
394860009001201;1
396313009001301;1
412368009002501;1
391987009003601;1
416483009000301;1
405841009002001;1
411267009000701;1
415762009000801;1
394258009000201;1
405259009000601;1
404655009000401;1
410561009004201;1
388697009003101;1
434348009000301;1
410524009000501;1
411223009001501;1
408975009002401;1
409356009001901;1
415129009002301;1
389133009000201;1
403818009001101;1
388979009001001;1
394679009003401;1
410460009000601;1
411246009002901;1
412082009001101;1
400060009002101;1
261370009000701;1
398272009002901;1
410647009002501;1
403753009002901;1
406275009001601;1
396413009006601;1
411083009002201;1
399924009001401;1
388241009003101;1
440948009000601;1
422460009002201;1
403808009000401;1
414754009002501;1
410468009001901;1
411243009001101;1
407491009000101;1
404515009000901;1
395320009000201;1
413176009001301;1
401745009002401;1
410561009003701;1
413993009000101;1
414754009000701;1
391463009002001;1
408306009002601;1
387038009000201;1
399664009000301;1
462739009000301;1
410647009001401;1
427983009000601;1
399296009001701;1
401006009000501;1
409989009000501;1
399768009001801;1
412116009001501;1
399976009002101;1
408656009000101;1
403621009000501;1
391987009001401;1
412158009000701;1
409495009001301;1
412564009001701;1
396377009000201;1
404115009000301;1
410955009001901;1
414975009001801;1
402460009001101;1
407011009000901;1
401378009000701;1
407899009000801;1
415892009000401;1
407807009002001;1
414476009001601;1
402831009001001;1
373604009002701;1
412346009001001;1
412980009000701;1
403889009002501;1
397754009000601;1
394845009004201;1
411367009001601;1
395877009000601;1
404433009001001;1
412179009002001;1
402381009001801;1
409612009001201;1
400741009000401;1
399878009001401;1
402834009000201;1
408867009002301;1
394979009001001;1
408502009001901;1
402555009001901;1
410468009001801;1
419983009000701;1
404655009001201;1
422460009002101;1
402912009002601;1
417317009001601;1
398922009002001;1
391390009000101;1
412382009000701;1
414754009005201;1
393864009000601;1
404156009001101;1
261370009000101;1
393805009002201;1
419864009004201;1
395782009000201;1
419864009004101;1
401303009001101;1
410561009001001;1
261370009000901;1
410972009000201;1
408965009000901;1
414203009000901;1
427983009000501;1
420880009000101;1
386773009001001;1
440849009000501;1
440843009001101;1
402829009001201;1
410971009001901;1
395114009001901;1
382601009002101;1
415557009000901;1
414867009000101;1
390507009000101;1
401764009001801;1
410590009001701;1
409781009000901;1
410468009004301;1
416458009002001;1
393856009000501;1
390899009000801;1
409612009001101;1
404361009000901;1
360090009001301;1
409308009000501;1
408628009000301;1
399924009002901;1
407408009000201;1
393805009000401;1
410750009000301;1
407491009001101;1
398831009003501;1
404499009001101;1
393022009002301;1
323332009000501;1
411426009001101;1
436735009001501;1
406927009000601;1
410561009000101;1
406178009000901;1
406178009000801;1
412941009001601;1
410726009001201;1
410288009000101;1
399664009001501;1
406271009001501;1
414853009000301;1
414752009001701;1
398132009001001;1
403621009001201;1
381714009000701;1
419144009001001;1
397167009002301;1
416458009000301;1
383168009000201;1
403818009002001;1
409339009000501;1
388089009000901;1
393653009000501;1
401831009001501;1
407847009000301;1
416620009001601;1
390027009002601;1
388241009002901;1
434291009000801;1
399413009000401;1
413491009000401;1
413845009000101;1
412303009001101;1
388979009000201;1
400962009001201;1
398272009000801;1
409986009000501;1
394827009000501;1
411083009000801;1
393487009000801;1
410561009003801;1
387228009000501;1
404115009002101;1
392942009001501;1
406299009001801;1
389356009000801;1
411849009001101;1
444803009000501;1
412150009001101;1
382635009002801;1
394515009001601;1
407659009000501;1
410647009000901;1
398744009001201;1
417166009002501;1
416910009000801;1
396413009006501;1
390677009001801;1
414728009001801;1
464494009000101;1
165077009002701;1
390599009000901;1
396413009006901;1
393789009001101;1
399768009000801;1
395368009001901;1
410157009000401;1
411100009001201;1
399938009001801;1
389408009000401;1
409890009000601;1
394121009001801;1
409986009001201;1
402865009001601;1
414476009001201;1
408540009000801;1
401378009001001;1
395450009000401;1
407356009000101;1
396915009001201;1
409878009000501;1
404126009001001;1
415755009001601;1
407201009000401;1
442977009000801;1
407046009001201;1
426650009000401;1
391131009001201;1
389517009000301;1
415762009002101;1
386910009001401;1
401645009000801;1
382601009002601;1
390027009001801;1
465966009000101;1
399053009001801;1
410971009001701;1
409801009002701;1
412346009000301;1
412626009002101;1
404023009003201;1
405841009000801;1
397912009000501;1
407995009004201;1
412401009000901;1
407432009001801;1
404088009000201;1
415755009001201;1
414282009002101;1
398172009000201;1
412825009003201;1
422460009000401;1
398814009000901;1
395114009001501;1
419091009000201;1
411999009002501;1
407807009002601;1
413474009001401;1
396875009000901;1
413317009000401;1
403918009001001;1
397284009002301;1
399938009001201;1
465793009000101;1
401303009002401;1
429012009002601;1
393798009000901;1
364772009000901;1
415080009000801;1
404623009000301;1
396281009001301;1
419864009001601;1
400494009003701;1
400841009004001;1
408306009002101;1
404565009000901;1
396875009000601;1
409878009001401;1
411849009001001;1
414306009001901;1
388980009001801;1
399299009001301;1
406207009000301;1
404115009001401;1
399976009001901;1
403909009002001;1
395163009003401;1
395685009002001;1
413993009000601;1
390594009000101;1
396055009002501;1
398132009003601;1
389866009000901;1
406300009000301;1
410859009001201;1
406384009003501;1
405950009001601;1
393724009002601;1
394675009001301;1
412457009000601;1
386919009002801;1
401321009000101;1
409943009000401;1
406254009000901;1
408502009001801;1
400962009000301;1
404625009001101;1
413367009000801;1
399330009001301;1
391981009000701;1
410874009000501;1
412082009002001;1
410869009000101;1
411545009000101;1
414190009002401;1
414194009000801;1
391432009000401;1
412360009000301;1
405347009001501;1
410561009004001;1
381714009001201;1
260402009002701;1
407787009000501;1
408659009000701;1
465703009000101;1
397677009000101;1
405347009000401;1
401824009004201;1
413894009000601;1
403857009001301;1
395833009002101;1
407878009000801;1
417166009003201;1
443249009000301;1
388089009001501;1
393813009003301;1
394860009000501;1
399331009000801;1
395363009001101;1
399400009002801;1
407310009003101;1
411849009002601;1
395796009001801;1
381714009004301;1
409679009001701;1
416682009001101;1
413609009001301;1
424464009002201;1
435512009001801;1
974331009001301;1
400841009001301;1
401824009000201;1
406927009003801;1
398814009000801;1
410468009003101;1
414822009001701;1
402593009000801;1
410647009000401;1
404453009000301;1
407040009001501;1
444803009001101;1
415453009000601;1
424464009003201;1
400962009001801;1
409282009001601;1
415129009000101;1
399648009000501;1
409612009000401;1
397501009001301;1
409612009001001;1
404623009002301;1
419864009001701;1
409335009003501;1
398142009001101;1
411191009002101;1
388979009000401;1
351515009002201;1
361143009002401;1
407906009000801;1
407865009000901;1
415129009000201;1
398831009003401;1
404072009000701;1
409214009000201;1
398173009001901;1
409627009000101;1
393487009002501;1
974331009000301;1
410971009001601;1
416620009001501;1
412346009000401;1
406905009003401;1
410288009000801;1
410468009004201;1
407858009000601;1
394679009003701;1
411191009000501;1
409679009001001;1
406383009001001;1
428871009000401;1
398388009000701;1
394515009001501;1
406383009000501;1
406383009000601;1
407200009001301;1
400060009000301;1
400065009000501;1
424464009004101;1
406930009000301;1
396055009004601;1
405370009002701;1
417166009000201;1
409962009002501;1
420053009001201;1
412056009000401;1
415325009001401;1
412082009001701;1
396055009004501;1
424464009004201;1
396373009001401;1
411135009000401;1
404623009002401;1
415222009000501;1
410561009003901;1
404156009003301;1
399330009001501;1
388089009000801;1
396040009001501;1
407847009000501;1
393022009000801;1
439637009000101;1
405314009000501;1
416682009001701;1
409962009002901;1
415892009001601;1
400065009000401;1
398744009000301;1
406383009000401;1
382635009002701;1
410245009001201;1
393809009000201;1
390027009002501;1
388980009002401;1
407918009000801;1
411545009001501;1
394283009000501;1
387737009000301;1
412768009002101;1
389872009001301;1
413299009000401;1
412807009001301;1
408336009000701;1
410885009001101;1
399714009002601;1
413679009000401;1
405347009001401;1
393797009000101;1
411246009000901;1
406068009001101;1
403753009000101;1
410138009000201;1
403889009003101;1
411118009000301;1
393746009000901;1
411478009000901;1
389140009000501;1
393813009000101;1
400841009006001;1
414189009001501;1
414374009001001;1
399413009002001;1
395377009002101;1
414183009000901;1
400114009003701;1
415453009000901;1
412825009003101;1
382601009000801;1
403621009002101;1
408306009001601;1
396281009000101;1
407939009001301;1
398173009000501;1
396585009000401;1
415453009000501;1
414101009000301;1
402829009001301;1
409962009000601;1
407023009002201;1
394283009000601;1
388874009000201;1
395345009001601;1
411006009000401;1
388697009003601;1
402632009000601;1
409878009001901;1
407939009002101;1
401831009000701;1
407432009000601;1
403765009000901;1
426650009001001;1
414729009001001;1
412116009001401;1
395525009000101;1
406437009001401;1
413830009000701;1
396377009001201;1
412037009000201;1
414476009001701;1
382635009003501;1
403909009001901;1
402755009000601;1
399385009000101;1
403621009001101;1
396055009005001;1
409214009000101;1
409986009001401;1
413971009000901;1
404547009001601;1
410456009000901;1
387757009001301;1
396627009002301;1
399924009001901;1
433234009000201;1
402834009000101;1
406099009000901;1
389356009001201;1
414853009000201;1
444803009001901;1
386919009002101;1
405244009000501;1
400962009000501;1
419888009000501;1
414203009000801;1
386902009002401;1
403765009000601;1
411620009001301;1
411083009001101;1
387825009001101;1
407924009000901;1
410136009000601;1
407997009000301;1
392350009001101;1
400060009000101;1
409211009001001;1
411620009000701;1
407806009001601;1
401378009001401;1
423048009000301;1
412578009002001;1
390677009001901;1
404115009002501;1
415075009002901;1
396068009001901;1
387239009000301;1
395691009003101;1
361143009000501;1
410621009001901;1
395782009002201;1
399919009000601;1
386916009000301;1
410971009001101;1
393856009000901;1
405370009002301;1
412144009000601;1
403818009001201;1
440948009000501;1
393789009001201;1
408059009001001;1
412116009001201;1
401378009001101;1
396413009006301;1
443997009000801;1
399941009001201;1
388667009000801;1
409335009003401;1
409165009001301;1
420053009002101;1
398922009001201;1
427213009001401;1
433193009001101;1
400060009001901;1
406561009005301;1
415084009000601;1
404361009002301;1
390021009000201;1
429012009002401;1
411083009001801;1
399299009001501;1
412144009000201;1
415892009001401;1
408273009000301;1
412094009000501;1
437213009000201;1
399924009000901;1
416682009002401;1
427584009001801;1
399987009000801;1
426650009000801;1
408306009003201;1
400494009003301;1
398448009003001;1
407023009000701;1
386919009001301;1
388479009000201;1
391987009000201;1
392037009000601;1
423076009000401;1
399987009000901;1
400841009001101;1
361143009002101;1
409335009003301;1
406927009003901;1
411070009000801;1
420104009002001;1
414194009002701;1
407848009001101;1
409149009001501;1
413491009000501;1
397167009002501;1
397154009001101;1
401824009004001;1
407905009000801;1
407847009000201;1
398142009001701;1
465057009000201;1
387757009000901;1
437213009000501;1
399970009000501;1
404602009001201;1
410468009002001;1
436075009001601;1
416620009000101;1
407847009003401;1
406437009001501;1
396055009001401;1
398555009000401;1
399385009000301;1
411025009000301;1
407997009000601;1
411849009002401;1
447125009000701;1
404559009000201;1
411100009001501;1
403753009001701;1
402460009000701;1
412050009002301;1
404156009002801;1
407565009001901;1
383168009002001;1
410621009000801;1
409280009000701;1
431927009000101;1
409160009000901;1
404115009001701;1
404427009001701;1
403753009002801;1
402460009002401;1
410885009001301;1
322821009000801;1
413642009001201;1
399768009002101;1
393487009001001;1
406927009000501;1
415762009001301;1
406561009005501;1
433234009000501;1
399797009001301;1
387239009001701;1
407995009000301;1
439637009000801;1
398173009001001;1
396875009000801;1
369453009000201;1
386915009001501;1
393793009000101;1
409165009001401;1
409165009001601;1
381714009004501;1
401296009000801;1
397677009002801;1
404135009001601;1
414194009000701;1
411025009000501;1
409280009001801;1
410138009001601;1
414189009001901;1
415084009000701;1
404937009002101;1
408830009002301;1
427983009001101;1
397745009000701;1
395525009002601;1
403861009002201;1
447125009000601;1
399142009001001;1
412144009001001;1
439688009000901;1
404023009003401;1
399647009001301;1
406233009000801;1
404602009001301;1
395388009000801;1
410647009003101;1
337572009002401;1
403837009001101;1
408090009000201;1
403808009002301;1
419864009000701;1
414867009000901;1
413727009001901;1
974331009001401;1
415779009001601;1
413613009001301;1
408306009001901;1
410010009001401;1
442119009000501;1
412822009000601;1
399924009004401;1
323332009002001;1
397501009000801;1
394515009000201;1
395388009003901;1
399413009002101;1
406561009005701;1
412257009002101;1
402057009000901;1
407881009001001;1
403753009000301;1
400144009000701;1
383283009000401;1
416479009001901;1
407491009001601;1
388591009002501;1
404213009000801;1
396627009002401;1
400841009005801;1
414165009000901;1
395525009003401;1
402865009000601;1
402593009000301;1
394979009000701;1
413324009001201;1
404023009000701;1
417459009001801;1
411452009000801;1
398555009000201;1
407025009000701;1
408826009000501;1
388979009000301;1
405314009001001;1
414209009000801;1
393746009001301;1
413452009001401;1
400060009001401;1
399338009000101;1
405841009002101;1
395877009000901;1
407200009001401;1
407939009003501;1
447125009001701;1
399439009000901;1
387737009002101;1
397985009000701;1
399850009001401;1
403753009002701;1
403818009001301;1
398409009000901;1
399436009000101;1
407168009001801;1
394903009000101;1
417447009000401;1
398170009000601;1
409356009002001;1
395450009001101;1
400819009000601;1
974331009001601;1
407995009002101;1
402608009002401;1
442977009000201;1
409612009000701;1
399881009002001;1
395377009001501;1
406561009005001;1
415755009000701;1
414183009002601;1
393856009003001;1
387737009000801;1
409549009002201;1
399976009001401;1
407924009000501;1
409160009001201;1
402555009002001;1
400371009000801;1
405339009001701;1
401378009002801;1
420231009000101;1
373604009000501;1
466939009000101;1
406905009003601;1
407025009001301;1
408844009003501;1
449752009000101;1
407417009000401;1
400505009000901;1
417459009002601;1
388089009000701;1
260395009000301;1
407565009000601;1
383168009001001;1
407848009001201;1
402832009001701;1
413824009000101;1
424464009003901;1
397284009002201;1
396875009001101;1
388089009001201;1
389970009000901;1
400889009000301;1
411255009000101;1
383168009000801;1
392037009000501;1
406299009001701;1
411234009000901;1
395340009002801;1
391975009001201;1
412382009000301;1
399768009001701;1
407898009000801;1
414754009001001;1
407835009001001;1
381714009000501;1
399870009002001;1
404111009001101;1
408306009003301;1
433234009000401;1
412941009001401;1
414294009000301;1
406905009000201;1
400962009001901;1
393856009002601;1
393798009001001;1
442977009001101;1
400841009004501;1
411255009002001;1
412971009001201;1
411446009001901;1
395363009001901;1
395363009000501;1
408821009000101;1
411600009002001;1
405348009001201;1
411118009000401;1
401831009001401;1
406927009000801;1
408273009002501;1
404925009001601;1
432531009000801;1
408032009002001;1
414112009000201;1
414306009001801;1
396269009001801;1
387260009001001;1
397328009000701;1
399296009003701;1
403818009001601;1
408953009000201;1
404308009000701;1
410647009003001;1
417447009000201;1
403753009002401;1
413894009001801;1
407025009003101;1
402460009002301;1
400841009005901;1
398831009000601;1
427584009004201;1
409758009001001;1
386995009000801;1
409679009001601;1
396373009001201;1
407685009001501;1
395833009000401;1
435944009001501;1
444803009001301;1
462313009000101;1
417396009000601;1
389140009001601;1
404602009001101;1
407916009000801;1
416848009000101;1
399296009001601;1
395114009001301;1
404705009001401;1
393079009001401;1
419864009004301;1
411542009001601;1
405339009000501;1
407023009000401;1
414101009000501;1
406927009000701;1
401283009001201;1
364772009002101;1
411025009000201;1
400070009000601;1
393487009002401;1
446685009000801;1
409555009003601;1
447125009000301;1
414822009001801;1
411191009003301;1
402620009001001;1
407901009001001;1
395388009001101;1
399385009000401;1
407995009000401;1
399714009002401;1
389356009000301;1
412573009001201;1
399330009001401;1
383283009001201;1
397501009001901;1
409942009001901;1
410590009001401;1
414729009001101;1
403918009001101;1
404206009001001;1
400962009001101;1
390757009000101;1
396055009004901;1
402883009002301;1
404429009000201;1
405314009001201;1
415022009002001;1
396279009002101;1
411849009002701;1
391463009004501;1
393856009000701;1
410893009000401;1
412493009001001;1
413489009000201;1
402695009003101;1
411795009000201;1
400962009000701;1
396413009007501;1
400070009000801;1
407807009003201;1
408333009001101;1
394695009000301;1
400459009002301;1
395363009000401;1
398132009000101;1
404623009001601;1
407010009000901;1
409165009001501;1
407565009003001;1
406178009001001;1
400210009001101;1
411191009001301;1
395340009001801;1
416620009002901;1
435263009000601;1
396413009007001;1
396413009000101;1
412907009001801;1
392173009000901;1
396282009002001;1
395340009000401;1
409552009000901;1
404925009000901;1
408351009001301;1
404602009001001;1
412417009000601;1
426650009000501;1
406383009000701;1
388979009000101;1
400193009001401;1
415129009001601;1
395525009002501;1
424464009001801;1
408659009000201;1
404023009002901;1
435512009001301;1
410590009002301;1
395340009001501;1
405704009001201;1
400962009001001;1
406384009003401;1
398173009001801;1
404625009000401;1
416479009000901;1
407044009000501;1
411246009002701;1
413824009001101;1
395525009000801;1
403621009002001;1
397985009000601;1
410138009001801;1
390020009000801;1
407025009002101;1
408953009000801;1
423099009000301;1
435512009001401;1
404429009002101;1
411898009002801;1
414177009000801;1
407879009000901;1
407860009000101;1
412825009001401;1
398081009002001;1
395438009001001;1
408628009000501;1
396040009001001;1
398831009003201;1
408705009001101;1
433234009000101;1
407917009003801;1
440843009000801;1
406927009000401;1
398409009001101;1
407565009002201;1
396413009005701;1
392939009000401;1
404072009000501;1
412827009000801;1
413489009000501;1
408628009001501;1
410750009000601;1
398132009001901;1
407318009000701;1
408334009000201;1
407011009001001;1
411857009000801;1
397754009001201;1
401006009000401;1
411077009003201;1
415808009000801;1
393487009001401;1
401745009002201;1
411898009001501;1
400114009000501;1
388096009002501;1
391838009001401;1
394695009000101;1
393856009002401;1
974331009000901;1
414691009000601;1
447125009001601;1
390899009000901;1
412825009004801;1
387162009000501;1
407939009000301;1
436070009000801;1
406369009000101;1
407930009000201;1
409943009000501;1
413176009001601;1
399664009000101;1
414929009001901;1
464466009000401;1
414189009002601;1
444803009002201;1
399385009001201;1
409992009001401;1
388300009000301;1
387552009005401;1
410953009000701;1
413176009001201;1
413855009000301;1
435512009002801;1
407847009000401;1
413436009001101;1
404023009001101;1
394860009002001;1
410973009000801;1
403818009001501;1
408625009000101;1
399296009003601;1
407923009000901;1
409707009000101;1
395525009002001;1
422460009002001;1
400505009001401;1
406236009001001;1
406561009005601;1
414867009000501;1
412941009000301;1
394675009000801;1
416682009000601;1
399330009000601;1
415021009002401;1
395685009001101;1
394860009001901;1
400515009001301;1
400114009000301;1
410971009000801;1
412050009001101;1
407011009001601;1
407117009000701;1
404308009000501;1
392087009000401;1
405373009001801;1
407025009001701;1
410621009000101;1
414164009000201;1
410316009000901;1
414096009000101;1
415022009001901;1
388008009000601;1
411426009000401;1
407025009001001;1
414755009000701;1
399413009001401;1
405370009002501;1
395691009003201;1
409943009000601;1
416088009000901;1
419864009001901;1
415755009001401;1
414163009000301;1
388300009000201;1
396248009001601;1
409149009001401;1
414754009000101;1
392350009001501;1
412907009001201;1
394679009002101;1
395114009002001;1
413581009001101;1
397754009000301;1
395030009000101;1
420231009001901;1
407795009000501;1
407432009002101;1
393856009001101;1
407491009000501;1
395722009000501;1
398744009001101;1
405370009002201;1
400060009000501;1
409522009001401;1
405339009002701;1
400114009001501;1
400962009000901;1
411191009002001;1
387757009001701;1
412626009001701;1
399976009002301;1
412144009001401;1
400432009001101;1
416735009001401;1
387183009001201;1
414319009000801;1
460988009000101;1
395163009001601;1
400031009002601;1
414728009001501;1
396915009001001;1
400841009006101;1
434353009001701;1
403818009000901;1
387841009001001;1
409677009001101;1
412842009001901;1
388979009001201;1
387260009001101;1
386915009000701;1
395363009000601;1
401824009001201;1
409560009002201;1
407917009001101;1
406551009003201;1
446830009001001;1
409758009000401;1
400187009002701;1
413403009002101;1
409677009001901;1
410621009000901;1
413452009001901;1
408502009000601;1
410869009000201;1
395685009001201;1
410288009000301;1
391463009002201;1
405244009000401;1
410590009001801;1
411620009001201;1
410162009000901;1
419170009001001;1
393791009000901;1
400841009001201;1
387038009001501;1
416682009000701;1
399176009001301;1
388995009000401;1
412941009002801;1
399330009000701;1
414112009000101;1
404427009001501;1
415892009000501;1
433193009000601;1
414374009000701;1
261370009001001;1
411006009001301;1
399825009001301;1
409424009001501;1
412829009000101;1
409612009000901;1
395340009000501;1
408537009002001;1
411246009004101;1
408529009001901;1
410621009002201;1
396269009001501;1
392727009000201;1
415755009003601;1
394283009000701;1
406138009001301;1
393856009002301;1
412918009002501;1
386919009002901;1
386987009000801;1
402381009003201;1
464928009000101;1
399176009000401;1
411255009001901;1
414189009001301;1
412382009002201;1
411620009003801;1
404088009000301;1
412825009001201;1
398585009001101;1
390677009000101;1
404072009000601;1
414165009001601;1
398546009000401;1
426650009000901;1
392019009001101;1
402057009001001;1
393487009002301;1
400649009003301;1
393809009000401;1
398132009002701;1
407565009002101;1
400819009000501;1
407807009001401;1
411125009001301;1
396465009000101;1
395238009001101;1
414752009001601;1
396506009001301;1
403861009001001;1
415453009002201;1
391390009000501;1
406905009003001;1
383283009000501;1
407872009000801;1
412346009000501;1
411437009002101;1
414179009000501;1
397284009000601;1
411849009003001;1
427983009000101;1
415489009001001;1
407432009002201;1
406138009001001;1
402883009002501;1
401134009000901;1
387260009001301;1
411025009000401;1
390027009001101;1
415129009001501;1
404602009000401;1
405373009000901;1
401321009001001;1
404602009001401;1
406178009001201;1
393856009003101;1
387162009000401;1
415440009000801;1
409677009001201;1
387737009000901;1
395525009002401;1
410439009001901;1
419113009002201;1
411168009000501;1
398688009001601;1
414190009001101;1
406138009001801;1
399164009000601;1
400344009000901;1
412303009001601;1
402628009000901;1
401764009002101;1
395438009000901;1
392037009000701;1
395796009000801;1
388697009002601;1
393805009002301;1
415222009001401;1
410647009003201;1
423076009000601;1
390899009000501;1
411569009000201;1
393022009000501;1
419888009000101;1
416458009001801;1
416682009000301;1
416848009000501;1
404147009000101;1
412578009001801;1
463150009000201;1
403753009001901;1
383168009000701;1
383168009000601;1
394515009000601;1
395691009003601;1
399385009000801;1
402608009002501;1
395363009001801;1
407565009000101;1
411898009000601;1
387038009001801;1
406905009000301;1
396756009000601;1
388591009002601;1
412941009003301;1
407807009001201;1
411620009000901;1
407807009004201;1
412362009000401;1
394679009000701;1
397912009001001;1
409300009001001;1
399299009001801;1
410647009002901;1
388803009001301;1
401689009000301;1
396915009002001;1
417396009000201;1
420035009000201;1
351515009000901;1
457138009000201;1
407168009001701;1
398688009001801;1
397912009000801;1
400841009001001;1
400962009000801;1
412825009004701;1
391463009001601;1
412578009001901;1
397501009000601;1
409356009000401;1
404506009001301;1
412209009001201;1
408568009001401;1
408955009001001;1
398744009001001;1
446830009001101;1
415453009002001;1
398744009001301;1
411620009001801;1
394283009002201;1
409211009000801;1
407939009000401;1
408733009000901;1
407201009000201;1
398831009001901;1
402814009000101;1
444803009000301;1
395377009001701;1
409669009000801;1
443194009000601;1
396413009006801;1
426650009000601;1
446830009000901;1
410162009000701;1
409308009002101;1
400060009002001;1
974331009001501;1
404602009000501;1
399296009001901;1
394283009001701;1
433193009001201;1
410468009000901;1
387552009000601;1
394258009001301;1
414189009002101;1
393809009000101;1
412275009002201;1
405691009002701;1
407930009001601;1
434289009001901;1
411898009000501;1
399924009001701;1
403909009002201;1
402460009000801;1
434348009000401;1
391131009001301;1
414096009000901;1
404655009001701;1
407153009000601;1
410468009001001;1
403563009001201;1
419091009000801;1
391432009001501;1
407020009000401;1
413999009000101;1
410647009003401;1
407582009000801;1
407310009003001;1
387260009002401;1
419888009000801;1
412626009002001;1
402460009000301;1
399871009000701;1
417166009002201;1
413123009000401;1
411664009000101;1
396263009000301;1
403909009000701;1
401283009000101;1
403621009002601;1
397284009002601;1
399850009000201;1
423052009001601;1
407829009000801;1
423048009000801;1
412363009000201;1
411795009000401;1
401689009000501;1
402381009001401;1
393487009002101;1
398172009000101;1
405376009001201;1
413492009000501;1
399924009003001;1
407807009003001;1
416342009000301;1
388089009001901;1
382635009003401;1
417447009002101;1
397103009001101;1
390027009002001;1
409211009000701;1
413301009001501;1
392350009002001;1
409985009000601;1
410468009002601;1
396463009000501;1
415779009001501;1
395114009001401;1
396281009001101;1
389908009001601;1
409988009000101;1
412050009001001;1
414194009001101;1
387552009006301;1
413956009001901;1
411083009001601;1
399664009000201;1
395363009001601;1
399413009001201;1
387993009000401;1
388980009000101;1
412274009001701;1
393805009002101;1
402460009002901;1
382635009004501;1
412444009003201;1
408705009000901;1
391463009000801;1
393022009002401;1
393892009000901;1
419864009002401;1
412301009000801;1
395782009002101;1
400638009001601;1
408306009001801;1
415892009001801;1
407582009001001;1
399797009000901;1
394454009001801;1
434624009000301;1
395525009003601;1
439637009001301;1
389356009001001;1
414096009000201;1
397284009001501;1
404143009001501;1
407077009000601;1
388471009000401;1
398688009002001;1
398081009001601;1
399299009001601;1
408306009002801;1
442057009000501;1
398922009001301;1
408705009000401;1
410740009001401;1
404607009001001;1
404115009001201;1
416933009000101;1
408568009002201;1
411168009002501;1
406994009001601;1
451472009000201;1
387859009000901;1
407905009000401;1
414746009000801;1
411789009002301;1
400841009005601;1
407878009000301;1
419078009000401;1
410829009000701;1
396263009001501;1
367540009001101;1
411857009001601;1
406514009000501;1
400450009000501;1
405691009000501;1
410001009001901;1
413474009000201;1
411541009000901;1
395245009000201;1
411987009000501;1
413364009001501;1
409469009000101;1
409160009001401;1
416342009002701;1
399875009000201;1
415325009001501;1
411664009001901;1
416933009000301;1
412022009000301;1
404354009001001;1
409566009000801;1
400930009000401;1
409963009001301;1
410495009001001;1
411542009000701;1
400867009000301;1
400841009003701;1
395163009003001;1
399860009001901;1
407952009000501;1
412342009000101;1
432716009000101;1
407829009000401;1
437058009000701;1
404149009001501;1
407866009000301;1
399226009000801;1
411520009001501;1
399867009001701;1
411728009000101;1
407898009000401;1
397154009001001;1
415907009000501;1
409424009000501;1
416795009000401;1
416795009000601;1
415440009000601;1
404662009000201;1
412333009001401;1
404147009001101;1
461194009000101;1
408109009001701;1
406410009001301;1
401296009001201;1
409566009000201;1
400144009000101;1
436780009000501;1
436075009001201;1
435944009000501;1
412301009000601;1
388803009001701;1
359603009000101;1
411424009001901;1
410971009000401;1
414691009001301;1
411160009002001;1
413517009000301;1
419983009000201;1
400450009000101;1
413561009001401;1
412845009001201;1
397139009001101;1
400432009001201;1
407671009000101;1
391571009001501;1
435263009000201;1
399400009001601;1
402611009000201;1
414861009002901;1
397154009001201;1
411161009000201;1
415054009001301;1
410940009000501;1
410955009001701;1
416772009000301;1
416779009000301;1
410472009001301;1
394675009002101;1
400060009001701;1
414239009000801;1
407835009001801;1
413842009000401;1
407902009000301;1
411027009001001;1
409444009000501;1
416789009000101;1
407995009001901;1
404149009001901;1
388667009000601;1
411708009001901;1
416779009000101;1
411161009000101;1
397754009000101;1
415080009000601;1
409764009002201;1
411995009000401;1
435834009000801;1
415056009000201;1
411134009000801;1
412429009001101;1
400741009002401;1
414164009000601;1
405642009001301;1
416738009000101;1
416734009001601;1
415034009000801;1
411621009000101;1
412842009000701;1
414884009001301;1
416789009000301;1
410234009000201;1
409366009000901;1
409232009000201;1
408540009001201;1
414190009001001;1
415222009000801;1
351515009001301;1
398081009000301;1
400193009000201;1
437134009000801;1
420035009001101;1
399847009000701;1
409335009003701;1
414374009000301;1
412417009002401;1
393724009000701;1
391390009001701;1
421922009000201;1
408109009000101;1
409391009002101;1
408913009001001;1
408714009000301;1
406254009000501;1
388096009001501;1
415075009002401;1
409906009000901;1
410960009001801;1
386604009000301;1
386604009000201;1
400219009004101;1
407860009001001;1
429012009002301;1
414177009000901;1
409679009000601;1
412367009000501;1
364772009001401;1
411135009000301;1
436619009000901;1
397148009000901;1
407201009001001;1
406058009001701;1
402703009001201;1
397501009000201;1
413858009000301;1
410657009000301;1
407697009000301;1
408899009002001;1
410554009000501;1
410940009000601;1
404217009000801;1
402632009000501;1
395450009002001;1
404547009001801;1
408975009001301;1
399860009000701;1
399648009000901;1
405781009001701;1
432531009001001;1
391926009000901;1
420109009000201;1
404559009001401;1
429014009001001;1
415057009000701;1
414822009001001;1
402831009001101;1
399812009000801;1
400867009000201;1
413403009002001;1
404201009000401;1
414806009001201;1
409551009000701;1
412179009002101;1
413530009001101;1
404115009002801;1
410943009001101;1
436780009000601;1
436735009000801;1
415719009000601;1
260395009001201;1
408606009000101;1
419112009002201;1
399845009001501;1
411199009001501;1
407806009000301;1
390594009002101;1
416791009000301;1
419111009000801;1
407794009002201;1
359603009001001;1
410319009002801;1
415054009000701;1
434362009000801;1
410657009001001;1
408141009001201;1
409522009001001;1
416737009000101;1
398760009000401;1
392350009000201;1
407610009001701;1
407906009000301;1
427584009003301;1
411776009000501;1
404163009000801;1
413261009000401;1
412257009001101;1
410669009001501;1
414224009001701;1
414163009000601;1
409646009000801;1
414737009000501;1
408867009000701;1
403799009001201;1
394117009000501;1
407544009001301;1
409030009001001;1
410889009001301;1
410135009000701;1
431621009000201;1
411246009007701;1
409619009001501;1
434362009000901;1
411541009001101;1
414303009000901;1
399878009000501;1
399926009001301;1
415022009000801;1
397912009002601;1
411789009000401;1
402403009001401;1
387239009000901;1
411521009000801;1
400065009001101;1
414757009001601;1
400432009002501;1
423040009001101;1
409628009000701;1
394895009000601;1
407902009000401;1
410969009001101;1
420055009001001;1
404361009000701;1
408815009002501;1
410859009000201;1
409619009000401;1
406356009000101;1
413733009001301;1
408606009000301;1
416738009000301;1
410519009000301;1
400193009001201;1
409662009000901;1
411621009001101;1
434333009001501;1
414757009001501;1
407490009000401;1
414773009000101;1
407794009000601;1
399962009000101;1
407659009001601;1
412082009001901;1
403799009000401;1
413854009001601;1
408822009000401;1
443191009000401;1
399674009001101;1
389517009000101;1
411602009000101;1
405691009000101;1
402480009001301;1
414183009001101;1
416737009000301;1
416772009000101;1
413830009001601;1
411169009000501;1
408636009000501;1
390027009000901;1
423052009000101;1
410561009001101;1
412162009000701;1
406275009000401;1
414019009002301;1
412056009001501;1
395238009000101;1
411108009001201;1
407144009000901;1
399860009002801;1
411573009001301;1
403846009000801;1
412362009000201;1
414603009000801;1
402872009001601;1
397501009000401;1
443190009000301;1
414603009000501;1
404625009000601;1
434353009001801;1
419964009002101;1
411530009002001;1
412290009001901;1
406207009000401;1
399850009000701;1
409207009000801;1
393079009001601;1
403918009001901;1
388659009000601;1
401227009000201;1
410590009001601;1
412564009000401;1
413317009001401;1
440849009000301;1
397328009001801;1
408826009000601;1
412469009001001;1
423076009000101;1
408159009000401;1
408424009000201;1
410670009001301;1
414496009000301;1
416735009002401;1
386995009000201;1
409557009000201;1
408038009001201;1
407356009001201;1
399919009000401;1
407582009000101;1
390757009001201;1
395373009000301;1
414306009002501;1
416458009000501;1
408822009000101;1
446466009002101;1
414693009000601;1
403765009000101;1
407995009002001;1
404705009000201;1
408537009000601;1
390020009002201;1
414315009000701;1
400564009000401;1
409222009000701;1
406511009000101;1
409745009001901;1
407835009002601;1
399714009001001;1
413474009000701;1
323332009001501;1
414206009000101;1
411085009000501;1
411859009001201;1
465622009000501;1
408010009000401;1
408815009001101;1
404290009000501;1
412493009000201;1
415075009003401;1
406410009000601;1
412333009000201;1
411747009000301;1
402601009000801;1
408424009000301;1
409751009000301;1
409634009000101;1
412842009001101;1
406509009000201;1
411747009001301;1
413350009000101;1
407020009001401;1
413635009000501;1
404547009001201;1
415075009003301;1
470534009000101;1
403867009000401;1
412086009000201;1
413517009000201;1
415057009001301;1
409802009001101;1
402555009000301;1
409393009001301;1
404559009002301;1
400680009000301;1
434353009001601;1
406356009000201;1
399176009001901;1
413581009001001;1
409802009000501;1
410319009000401;1
412838009000901;1
406369009001001;1
414884009001201;1
423048009000901;1
414315009000401;1
399930009001901;1
392870009000601;1
404562009002001;1
407848009000101;1
434831009002301;1
406907009000101;1
401679009001501;1
410001009002001;1
412845009000701;1
432373009000601;1
411243009000301;1
410893009000601;1
411430009000201;1
405946009000101;1
399331009001001;1
407803009000501;1
409437009000401;1
413489009000401;1
412418009001001;1
409198009001101;1
396101009000501;1
387879009000601;1
386604009000101;1
414118009000401;1
386773009001501;1
411223009001201;1
410594009001801;1
410726009000701;1
409144009001401;1
409781009000101;1
399828009001401;1
404515009000401;1
407706009000601;1
407694009000401;1
411530009000801;1
407916009000401;1
389647009002001;1
408822009000201;1
439688009000601;1
394903009000201;1
439723009001301;1
409813009000701;1
413875009001201;1
411621009000501;1
412828009000301;1
409003009001101;1
397113009000901;1
404149009002001;1
403621009001301;1
407830009001701;1
412102009001001;1
411987009000301;1
394084009001201;1
411789009001101;1
412828009000201;1
407200009000801;1
431629009001101;1
416088009001601;1
410507009000501;1
410953009000401;1
408305009000101;1
418031009000201;1
399924009001201;1
435944009000701;1
413581009000101;1
415808009000701;1
388110009002701;1
410953009001001;1
434831009000901;1
406124009001101;1
414384009000201;1
409662009001201;1
413308009002001;1
414728009001201;1
414744009000101;1
407497009002401;1
411100009000501;1
411600009000701;1
439723009001401;1
409308009001101;1
409863009001201;1
404206009001901;1
411199009001401;1
400719009001301;1
400684009000401;1
410245009000401;1
409481009000901;1
396627009000801;1
408972009002401;1
436735009000601;1
406283009000801;1
414306009000601;1
414852009000201;1
411108009000101;1
400564009001001;1
409751009001001;1
399142009000201;1
394679009001801;1
394256009000701;1
413346009001801;1
406416009002101;1
410594009001201;1
400606009001601;1
405946009000801;1
412186009000501;1
442977009001301;1
412418009000601;1
412918009001201;1
409549009002101;1
407020009001501;1
406138009001101;1
402944009000301;1
260402009001101;1
413930009000101;1
411857009000901;1
410943009002301;1
410478009001001;1
409662009000801;1
394862009001601;1
413308009000401;1
414489009000701;1
414361009000301;1
413635009001501;1
400187009000901;1
431629009000201;1
394679009000401;1
416734009000301;1
408815009001201;1
392350009001401;1
407033009001701;1
412303009000801;1
410314009000201;1
398860009002001;1
388667009001601;1
431621009000601;1
427584009002001;1
412037009001301;1
395377009000601;1
412348009000201;1
410972009000401;1
403861009000701;1
407899009000301;1
407918009000301;1
399885009000201;1
399860009000101;1
399875009001101;1
412564009000601;1
410245009000201;1
408017009001101;1
412194009000601;1
402682009001401;1
406012009000801;1
414153009000801;1
407872009000401;1
388680009001501;1
394679009000501;1
409811009000801;1
404167009000801;1
410657009001201;1
412194009000701;1
412578009000701;1
394102009001401;1
414315009002901;1
405946009000701;1
404929009000601;1
260402009000101;1
402528009001301;1
411234009000501;1
414975009000901;1
409634009001001;1
443191009000801;1
413489009001301;1
400407009001501;1
414112009000701;1
404533009000301;1
408916009000201;1
397113009000601;1
388471009001601;1
412037009000701;1
399871009000301;1
400606009000801;1
412334009000101;1
410113009000601;1
399226009000501;1
399439009001601;1
399970009000101;1
419170009002101;1
403563009003101;1
419170009000601;1
412458009000801;1
409745009001801;1
411210009001001;1
397167009000501;1
413727009001201;1
434348009001201;1
427584009003401;1
414196009002101;1
402403009001701;1
411529009000101;1
417086009000601;1
409801009002301;1
400060009001601;1
400841009004101;1
410859009000301;1
409494009000901;1
409628009000201;1
412711009001101;1
414716009000401;1
406509009000301;1
414059009002801;1
411656009001001;1
416791009000101;1
399866009000801;1
415057009000501;1
383283009002501;1
400841009002401;1
414101009000401;1
408462009000201;1
411010009001401;1
409424009000901;1
410010009001801;1
390599009000701;1
414359009001701;1
411747009001701;1
407915009000301;1
464238009000101;1
399881009000501;1
406099009002001;1
408916009000901;1
419999009000201;1
460070009000101;1
397113009000501;1
415074009001901;1
411102009000801;1
416734009000101;1
466641009000101;1
407997009001301;1
411430009000301;1
412366009004601;1
394117009000301;1
412807009002401;1
394827009000301;1
401786009000801;1
409671009000901;1
412564009002301;1
414493009001101;1
396097009000901;1
322821009000601;1
400841009001501;1
399867009000801;1
398130009000501;1
412458009001201;1
415080009000701;1
400841009005701;1
401128009001201;1
407706009000701;1
432531009001301;1
400741009001201;1
404254009000801;1
414727009002501;1
414893009000501;1
419964009001201;1
443190009000701;1
408815009000901;1
409781009001601;1
411085009001301;1
411027009001801;1
423099009000101;1
412429009001001;1
404506009001401;1
396101009000901;1
402381009001101;1
407880009000301;1
400219009000101;1
404670009001501;1
404354009001601;1
410670009001201;1
409906009001301;1
396627009003701;1
411859009000301;1
416734009001701;1
408804009001001;1
408901009001301;1
410657009000901;1
404759009001001;1
443194009000401;1
410495009002701;1
408019009001601;1
411664009002001;1
408628009000901;1
413754009000601;1
413621009000801;1
409156009000501;1
404587009000101;1
400643009001101;1
399945009001501;1
412313009001801;1
399866009001701;1
407801009000301;1
387859009000601;1
414493009001201;1
414294009000101;1
399828009000601;1
395368009000201;1
409144009001601;1
408305009000201;1
414196009002001;1
401428009000401;1
413992009000401;1
407991009000801;1
405702009002101;1
408090009000101;1
408714009000101;1
414196009001501;1
407165009000801;1
408540009000901;1
410903009001101;1
405702009001501;1
402601009001001;1
415054009000501;1
412348009000701;1
400210009000301;1
414190009002201;1
407165009000301;1
407201009000501;1
406920009002401;1
389908009000901;1
400961009000301;1
402610009000701;1
395450009000601;1
407898009000501;1
404183009000301;1
415084009001801;1
412493009000501;1
395806009000701;1
409391009000201;1
413755009000301;1
434624009000701;1
414282009001701;1
408804009001401;1
415971009000801;1
408351009001201;1
402601009000101;1
414947009001101;1
412809009000601;1
417166009002701;1
408830009001501;1
413474009000901;1
411791009001001;1
414691009001201;1
411620009001901;1
413299009000901;1
414061009000401;1
414637009000401;1
410812009002001;1
388479009000301;1
412844009000701;1
408737009000701;1
414224009001501;1
410472009000501;1
472354009000101;1
412401009000601;1
436075009000901;1
434362009000101;1
412011009000101;1
407077009000901;1
410812009001301;1
407544009000201;1
407949009000101;1
408599009000601;1
399846009001501;1
412011009000301;1
414716009000201;1
412368009002401;1
408031009000101;1
407610009001101;1
387277009000901;1
414698009000301;1
411530009000201;1
397912009001101;1
395691009000501;1
401720009002001;1
395345009000201;1
412094009000201;1
402748009000501;1
398860009001101;1
409391009000701;1
400638009000301;1
386916009000901;1
408313009001301;1
405702009000601;1
408159009000601;1
407937009000701;1
409030009001601;1
408737009000101;1
412980009000801;1
400515009001401;1
408053009000501;1
412838009000801;1
409751009000201;1
395373009000101;1
400841009001401;1
414179009000301;1
408599009000201;1
413367009000901;1
404147009000801;1
404225009000601;1
406068009000801;1
429014009000401;1
465241009000101;1
409997009000801;1
410314009000901;1
409624009001201;1
407044009000901;1
412186009001101;1
413733009000701;1
393797009000401;1
402872009000501;1
416795009000901;1
407865009000601;1
404052009000701;1
410495009000301;1
446466009000501;1
395806009003101;1
399436009002101;1
399260009000801;1
411542009000101;1
412827009000101;1
412840009001701;1
406511009000301;1
396279009000901;1
404080009000601;1
397098009000601;1
412674009000201;1
410953009000201;1
413361009000701;1
408333009000901;1
404217009000601;1
409016009000701;1
402615009000501;1
432531009000601;1
414975009000701;1
399053009001601;1
407803009001601;1
410519009000801;1
414476009000601;1
412626009001201;1
407144009000201;1
409549009000201;1
415095009000901;1
400219009004601;1
411102009000201;1
439723009001001;1
402834009001601;1
399875009001601;1
413232009000201;1
400144009000501;1
410812009001401;1
413727009000701;1
403661009000401;1
408046009000101;1
387940009000801;1
410319009001001;1
391630009000501;1
414239009000701;1
409335009000201;1
419108009001901;1
435944009000601;1
403837009000601;1
414905009000201;1
404587009001001;1
401293009002901;1
410940009000101;1
400505009000701;1
414384009000101;1
407901009000601;1
407911009000601;1
395345009002101;1
408881009000901;1
387825009000901;1
387167009001401;1
410010009001201;1
420188009000501;1
410895009001001;1
409160009001601;1
399679009000401;1
410245009001601;1
394845009000701;1
407860009001201;1
409646009000901;1
437134009000701;1
410554009000401;1
386661009000201;1
407880009000601;1
396506009001001;1
417470009000301;1
407607009000201;1
409638009000601;1
412980009000901;1
412457009000401;1
399945009001001;1
412844009000301;1
406207009001101;1
408716009000801;1
414204009000701;1
412162009000601;1
408703009000601;1
400767009000401;1
413361009000201;1
400494009000401;1
414493009000901;1
413367009000401;1
404111009000901;1
411872009000901;1
404947009000801;1
406099009001301;1
411267009001501;1
410953009000901;1
403867009001501;1
435969009000501;1
322821009000301;1
413602009001501;1
407310009001901;1
409751009000501;1
410903009001201;1
409069009000701;1
409165009002501;1
404559009001301;1
411573009000701;1
408625009000201;1
402944009000401;1
400219009004701;1
420055009001301;1
407685009001401;1
402737009002701;1
446830009000601;1
399945009003301;1
408334009000301;1
410893009000801;1
415762009000101;1
407872009000201;1
406510009000101;1
407913009001301;1
412363009000101;1
412338009001401;1
399439009001701;1
389866009000801;1
407901009000301;1
389908009000101;1
402620009000801;1
408529009000101;1
408351009000901;1
405259009001201;1
401720009000101;1
409300009000201;1
411267009001401;1
392996009000901;1
407694009000301;1
407829009000501;1
400841009001801;1
409424009001101;1
415808009000201;1
404565009000301;1
400387009003001;1
412626009000401;1
413755009000401;1
414164009000101;1
400819009000901;1
404433009000401;1
414374009001601;1
394845009000601;1
395368009001301;1
415084009002501;1
440849009000101;1
410575009000501;1
389047009000701;1
420066009000301;1
394258009000101;1
414947009000801;1
423052009000301;1
419111009000101;1
409646009000401;1
402624009000801;1
395163009001701;1
419113009000301;1
407077009001001;1
404338009000101;1
458809009000101;1
386890009000801;1
400684009000701;1
404433009002001;1
407995009002601;1
413602009000601;1
411085009000301;1
419999009000401;1
414248009000601;1
409383009000301;1
399845009000101;1
388988009000101;1
412366009000501;1
402834009002201;1
399881009001701;1
407866009000501;1
401214009000301;1
404096009000501;1
431564009000101;1
412746009000601;1
419983009001201;1
413893009001201;1
408830009002101;1
400867009001401;1
402872009000601;1
410001009001101;1
408830009002201;1
388667009001501;1
410458009000901;1
412491009000601;1
411367009002201;1
399864009000301;1
406416009000401;1
415095009000501;1
410874009002201;1
414374009001501;1
364772009000101;1
407879009000501;1
412023009000601;1
405781009000801;1
413176009001801;1
400599009000701;1
412102009000201;1
407898009000201;1
407176009001701;1
404147009000601;1
394895009000501;1
406384009001301;1
396282009000701;1
416083009001101;1
396313009001101;1
412382009000101;1
409125009000301;1
337572009002601;1
369453009000301;1
407923009000501;1
400841009001901;1
412313009001701;1
416620009000301;1
409813009001801;1
429960009000201;1
412845009000601;1
415347009001601;1
410769009000401;1
413727009001401;1
415021009001001;1
407880009000501;1
405259009001701;1
396440009001401;1
419144009000801;1
408737009000801;1
412028009000701;1
387183009000201;1
412162009000501;1
399924009001101;1
408054009001201;1
409300009000101;1
410245009001701;1
407153009001101;1
404163009001101;1
420480009000201;1
413308009001701;1
404759009000301;1
409884009000701;1
391591009000301;1
394675009000301;1
405946009001501;1
409522009001301;1
415719009000101;1
397912009000701;1
410808009000201;1
404361009000301;1
407008009000901;1
412649009000201;1
412829009000501;1
395833009000301;1
399797009000101;1
412348009000801;1
403889009000301;1
404587009001301;1
387308009000101;1
404191009000301;1
413679009000201;1
409198009000501;1
412330009000401;1
409906009000601;1
414744009000501;1
438928009000501;1
436619009001001;1
400841009003301;1
404183009000401;1
404099009000301;1
411959009000801;1
409866009000201;1
407794009000901;1
410953009001401;1
396101009000301;1
414853009000801;1
399439009000701;1
415347009000101;1
409566009001401;1
410889009001401;1
414806009001101;1
399679009000301;1
412362009000301;1
413492009000101;1
402403009000901;1
413642009001401;1
410763009000401;1
410136009000401;1
410439009002401;1
407830009001401;1
428986009001001;1
410319009000901;1
407867009000301;1
437058009000501;1
411194009001601;1
446685009000401;1
407801009000901;1
402615009000301;1
412209009000401;1
404113009000901;1
402600009001401;1
402593009000401;1
413615009000301;1
410575009000201;1
399411009000801;1
399411009000901;1
400407009000201;1
411243009000601;1
412768009000201;1
409758009002001;1
431629009001001;1
394675009000901;1
408703009001801;1
409624009000501;1
399828009000901;1
410561009001801;1
404163009000301;1
396506009000801;1
412420009002001;1
407916009000201;1
409393009001401;1
402621009000301;1
410763009001301;1
411848009000501;1
419969009001301;1
411245009000601;1
406529009000301;1
409880009001601;1
413509009001501;1
414728009000801;1
402818009000401;1
398170009000101;1
413613009000801;1
411620009003501;1
403809009000601;1
408881009000301;1
407918009000401;1
415053009000401;1
406369009000901;1
407807009000601;1
411135009000201;1
414248009001401;1
402912009000401;1
407077009000201;1
406012009000301;1
393798009000801;1
411102009000701;1
414340009000901;1
414974009001001;1
406416009000501;1
413855009000101;1
416859009001001;1
407879009000601;1
406410009001101;1
396440009002901;1
402703009001401;1
439688009000801;1
414861009001101;1
419102009000601;1
413436009000201;1
436619009001101;1
411889009000701;1
409638009000501;1
392939009001001;1
391302009001801;1
388980009001701;1
414239009000101;1
409149009002501;1
404052009000101;1
392996009000401;1
409144009001501;1
410456009000601;1
404929009000201;1
429014009001301;1
401831009000501;1
446830009001401;1
408141009000101;1
409992009001101;1
414204009000501;1
414822009000701;1
411245009001601;1
414194009001401;1
408336009000401;1
401776009000601;1
391630009000601;1
395877009000201;1
412340009000601;1
395373009000201;1
387183009000301;1
411541009001001;1
387228009001301;1
388975009000101;1
389047009001201;1
400387009002401;1
409282009000101;1
390020009000101;1
413834009000201;1
410955009000601;1
409997009000501;1
413261009000101;1
409751009000701;1
434560009000101;1
413613009000501;1
413452009000401;1
414746009001001;1
428871009000101;1
415440009000501;1
406994009000401;1
423076009000301;1
407697009000201;1
410969009000801;1
443190009000401;1
415053009000501;1
414693009000501;1
408822009001301;1
410460009000301;1
411848009000901;1
412768009000701;1
402818009000301;1
407913009001401;1
411210009000301;1
407995009001101;1
406932009002501;1
401831009000201;1
408699009001601;1
409383009000601;1
412837009000601;1
398814009001301;1
402600009001201;1
401720009002101;1
407801009000801;1
406369009000201;1
387167009001101;1
393798009000701;1
404225009000901;1
414884009001401;1
415083009000501;1
394827009000401;1
409931009000201;1
402625009000101;1
440849009001401;1
413635009000301;1
413896009001801;1
420035009000401;1
411829009000901;1
392266009000501;1
436735009000701;1
404929009002001;1
408019009000401;1
411085009000401;1
406920009000501;1
403861009001101;1
408733009000501;1
400841009004201;1
400841009005301;1
397113009001001;1
411859009000401;1
414698009000201;1
404893009000301;1
407282009000101;1
413452009000501;1
411437009000401;1
398465009000601;1
409522009000401;1
412626009001001;1
405348009000501;1
419112009000501;1
400459009000401;1
408305009002301;1
400889009000401;1
398130009000601;1
386890009000301;1
411656009000201;1
411725009000801;1
414913009001601;1
387183009000901;1
419111009000301;1
408159009000101;1
389647009001601;1
417086009001201;1
414164009000701;1
414752009000101;1
415034009000301;1
409880009001101;1
408305009001801;1
398928009000301;1
411849009001601;1
405314009002401;1
409544009003301;1
409634009000601;1
407076009000101;1
397167009001501;1
400684009000501;1
407200009000701;1
398406009000401;1
387228009001001;1
407400009001301;1
400599009000801;1
442977009001601;1
398585009000201;1
410010009000101;1
410906009000101;1
404705009001801;1
413824009000701;1
388089009002001;1
411118009001101;1
400459009001101;1
407672009000901;1
400432009002201;1
407964009000301;1
395450009001701;1
412330009000801;1
400863009000701;1
399260009000201;1
447125009003801;1
409254009001101;1
404499009000301;1
387316009001101;1
414204009001301;1
404499009000101;1
415017009001101;1
411134009001301;1
409884009000401;1
412827009001401;1
402829009000301;1
405259009000801;1
409398009001201;1
407706009000201;1
395368009000101;1
414729009000701;1
394862009000801;1
404142009001101;1
406498009000201;1
440948009002101;1
412050009000601;1
403857009001401;1
409612009001401;1
400612009000801;1
400612009000101;1
414179009000601;1
404929009001501;1
395838009000101;1
415779009000901;1
393791009000301;1
435969009000401;1
413366009000201;1
407076009000501;1
409669009000201;1
397949009000401;1
408906009000401;1
412341009000601;1
395377009001301;1
434848009001601;1
412257009000701;1
413346009000701;1
412809009000501;1
409619009000301;1
399935009000101;1
387277009000201;1
407901009000501;1
434831009002401;1
412035009000301;1
413299009001101;1
414974009000201;1
402600009000201;1
404307009002101;1
409521009000501;1
399176009000501;1
388096009001801;1
411245009000201;1
381714009000601;1
414905009000101;1
414203009002001;1
404658009000601;1
409626009001501;1
396097009000601;1
413834009001101;1
409678009000301;1
427444009000401;1
383283009001101;1
399878009000401;1
399860009000801;1
410561009001701;1
411998009000201;1
412068009000201;1
387864009000101;1
411530009000301;1
436780009000101;1
427213009000901;1
404126009000101;1
389133009000401;1
397167009000601;1
404662009000401;1
412363009001601;1
412493009000401;1
414256009000201;1
404080009000701;1
394845009000501;1
408090009001901;1
399825009000901;1
411761009000201;1
406139009001901;1
400505009000101;1
402818009001301;1
402748009000301;1
413858009000501;1
409953009000201;1
408899009003801;1
397113009000801;1
401764009001901;1
407794009001001;1
402610009000801;1
408636009001401;1
407096009001001;1
413709009001901;1
416859009000901;1
391302009000101;1
399860009001501;1
406178009000401;1
407168009001201;1
414256009000101;1
411430009000501;1
408017009000501;1
419078009000501;1
396377009000901;1
411600009001501;1
399976009000101;1
414752009000201;1
411987009000601;1
412098009001001;1
407168009000701;1
406225009000101;1
388980009002201;1
411600009000201;1
439723009001201;1
412578009000101;1
409335009000801;1
443191009000701;1
414177009000401;1
417306009001901;1
409125009000801;1
409988009000201;1
407952009000101;1
404947009000701;1
415222009001801;1
399714009002501;1
413271009001101;1
416479009000301;1
408498009002201;1
414990009000301;1
413956009000601;1
394979009000801;1
388183009002701;1
408540009000301;1
412393009001401;1
412367009000801;1
429588009000601;1
399812009000601;1
407661009000201;1
389872009000601;1
409149009001301;1
413755009000501;1
404096009000201;1
413615009000401;1
411134009002901;1
408540009000401;1
413362009000701;1
412360009001101;1
401745009000501;1
386915009000601;1
414177009002201;1
407829009000201;1
402748009000401;1
416483009001001;1
410657009000801;1
399866009000701;1
405370009000401;1
412702009000901;1
414752009001401;1
402528009000801;1
412321009000901;1
414204009000401;1
408916009001201;1
400114009000401;1
407872009000501;1
409800009001301;1
395030009000601;1
408844009000601;1
407096009001201;1
413679009002301;1
407025009001201;1
420109009000101;1
398081009001001;1
411192009000901;1
386773009000901;1
403563009000401;1
411708009001401;1
412342009000201;1
409831009000801;1
394827009000201;1
409283009000101;1
389408009000201;1
391838009001201;1
404565009000101;1
414343009001101;1
412458009000301;1
412102009000301;1
408699009000101;1
400841009003201;1
412333009001501;1
413621009000101;1
414755009000801;1
260402009000801;1
408901009000201;1
399846009001401;1
409144009000301;1
407176009001301;1
410906009000501;1
387239009000101;1
415971009000101;1
404338009000801;1
407993009000301;1
400741009001801;1
414867009002601;1
407709009002001;1
392942009000101;1
404254009000601;1
408916009000801;1
409005009001201;1
414164009001601;1
410763009000301;1
408306009000601;1
408907009000101;1
414744009000701;1
396585009000501;1
400670009000101;1
407040009001301;1
420482009000201;1
410872009000801;1
412050009001501;1
412116009000401;1
402030009000201;1
407878009000401;1
409544009000801;1
407807009001101;1
395245009000301;1
407408009002201;1
407557009001001;1
410812009000801;1
412179009000901;1
407923009000301;1
410906009000401;1
412405009000801;1
398860009001401;1
408032009000701;1
407709009000701;1
464528009000101;1
409866009000301;1
415074009000101;1
439688009000501;1
412626009001101;1
406551009001201;1
404541009000901;1
399881009000801;1
461812009000101;1
412971009000201;1
414118009000201;1
414893009000101;1
404559009000701;1
408313009000401;1
395345009000101;1
404670009000901;1
442119009000301;1
388659009001001;1
386773009000201;1
414360009000401;1
408733009000301;1
402271009000501;1
414177009001601;1
446685009000301;1
413509009001601;1
414757009001101;1
414359009000701;1
412367009000401;1
465622009000301;1
405814009000701;1
399850009000801;1
387999009000101;1
413834009000301;1
410507009001201;1
408901009002301;1
413999009000301;1
404183009001701;1
411520009000401;1
402624009000701;1
390020009001101;1
411545009002101;1
430457009000801;1
414203009000101;1
419078009000201;1
399279009002501;1
400897009000101;1
387999009000801;1
412301009001201;1
407913009000201;1
402597009000201;1
440948009000301;1
398272009000501;1
415719009000501;1
391591009000401;1
412829009000301;1
402744009000401;1
408714009000501;1
412348009001301;1
410889009000901;1
388995009001401;1
396040009000601;1
407917009000401;1
399331009000201;1
427213009000301;1
442119009000401;1
420055009000901;1
404533009000401;1
407915009000501;1
398135009000401;1
399941009000701;1
411728009000501;1
399941009000401;1
413635009001201;1
391926009000101;1
413893009000301;1
415056009000701;1
435834009000601;1
395806009000601;1
412626009000301;1
414476009000801;1
409549009002001;1
409198009001001;1
408159009000201;1
407881009000301;1
412457009000501;1
398814009000501;1
409638009001101;1
412841009001801;1
411424009000401;1
412971009001101;1
410889009000701;1
389647009000701;1
396506009001401;1
430457009000501;1
400187009000201;1
414974009000301;1
399845009001401;1
409626009000501;1
402624009000901;1
413530009000101;1
404167009000701;1
407694009000101;1
410740009000301;1
414757009000701;1
414179009000201;1
407096009000201;1
410877009000801;1
429960009000701;1
417317009000101;1
413894009000401;1
395668009000501;1
411478009000701;1
414319009000201;1
411930009000801;1
414755009000401;1
414019009001301;1
406356009001501;1
409524009000401;1
414282009001801;1
413830009000601;1
413834009000101;1
399875009001001;1
393798009001101;1
413489009001201;1
411521009000601;1
407906009000401;1
412845009001001;1
414167009000101;1
412429009000901;1
408867009000101;1
414306009001101;1
387167009000301;1
402528009000301;1
408462009000501;1
406225009000601;1
412578009000601;1
397113009002101;1
351515009000501;1
399226009001401;1
405476009000101;1
411118009000901;1
419938009001201;1
407878009000501;1
400031009002701;1
403867009001401;1
404433009001201;1
411243009000201;1
399930009001701;1
393724009000501;1
399919009000201;1
407865009000501;1
408046009000701;1
407905009000501;1
409557009000101;1
414974009001801;1
415347009000601;1
359603009000601;1
406275009000601;1
387239009000401;1
414256009000501;1
413361009000601;1
411118009001601;1
413834009000401;1
393724009001101;1
413635009001301;1
414752009001501;1
403661009000201;1
404096009000601;1
412082009003601;1
402608009000101;1
407544009001201;1
414189009001201;1
413308009001801;1
415534009001701;1
412401009001701;1
415557009001601;1
407913009000101;1
408907009000301;1
399938009000801;1
407866009000601;1
412158009000301;1
414204009000201;1
413492009000201;1
408046009000301;1
399870009000501;1
408202009000301;1
413581009001501;1
396440009001501;1
408906009000201;1
402877009000201;1
414304009000201;1
406498009000101;1
412028009000601;1
411998009000301;1
400351009000901;1
398465009000901;1
400114009001801;1
397949009000301;1
402625009001501;1
427213009000801;1
395691009006801;1
411725009000701;1
412150009000701;1
415907009000401;1
400031009002801;1
405347009000901;1
412158009000401;1
443190009000501;1
409522009000301;1
410941009000101;1
399761009000301;1
411223009001001;1
398081009000701;1
412396009000401;1
399647009001101;1
413915009000501;1
388110009000601;1
409942009000501;1
398814009000101;1
409997009000601;1
404142009000401;1
388591009004401;1
387167009000101;1
402844009000301;1
400450009000401;1
401214009000101;1
417447009000301;1
391525009000501;1
402825009000501;1
407279009000101;1
434831009000601;1
409802009000401;1
402610009001201;1
409989009000701;1
420035009000101;1
407168009000801;1
402628009000801;1
399941009000301;1
410234009000401;1
409146009000101;1
440843009000701;1
367540009001001;1
415054009000401;1
409391009002001;1
411010009000801;1
412746009000801;1
401125009000601;1
404607009000201;1
393789009000501;1
408305009001201;1
411545009001601;1
394084009001001;1
397113009001401;1
414728009001101;1
409832009000101;1
413176009000401;1
408899009001401;1
472772009000101;1
413635009001601;1
412420009001101;1
409863009002001;1
406124009001201;1
411791009000901;1
392735009000101;1
417459009000401;1
397328009000901;1
399647009001001;1
412028009000901;1
411070009000101;1
398272009000601;1
412022009000501;1
413567009001401;1
408714009000601;1
414204009000801;1
434353009000401;1
408629009001001;1
404338009000201;1
409745009000301;1
404126009000401;1
406514009000601;1
400930009000601;1
412432009000301;1
412194009000201;1
409751009000401;1
411931009001101;1
411223009000201;1
408705009000801;1
414385009000401;1
404658009000901;1
387277009000601;1
402620009000601;1
416342009002801;1
419112009002301;1
411192009001401;1
411569009000101;1
407048009000301;1
435969009001101;1
410816009000101;1
409339009000601;1
399878009000101;1
414303009000801;1
437134009000601;1
402755009001101;1
407952009000201;1
408102009001201;1
416483009000601;1
404547009000901;1
410010009001601;1
414885009001601;1
412564009001201;1
388988009000301;1
414248009000501;1
407899009000401;1
416848009000901;1
409997009001501;1
407860009001101;1
388975009000801;1
396296009000601;1
398388009001601;1
408972009000101;1
412023009002101;1
401776009000201;1
400331009000501;1
412825009000301;1
408953009000101;1
404307009001001;1
392350009000301;1
459178009000101;1
409662009000301;1
403857009003001;1
404547009000801;1
409515009000101;1
393793009000401;1
415022009000101;1
414360009000201;1
412194009001901;1
412179009000801;1
406490009001601;1
409383009000201;1
399860009000501;1
409114009000801;1
410519009001001;1
408656009000601;1
414729009000901;1
407881009000601;1
411620009003401;1
410458009000401;1
407279009001701;1
406927009001601;1
404515009001801;1
399176009001001;1
409555009000701;1
412101009000301;1
401786009000101;1
412845009001101;1
395806009003401;1
407610009001601;1
416411009000501;1
389408009000301;1
410763009000201;1
414755009000101;1
409282009000201;1
412432009000401;1
399714009000801;1
399864009001601;1
416910009000701;1
407165009001301;1
393022009000301;1
411424009000301;1
411959009000301;1
406551009000201;1
414118009000901;1
410808009000101;1
399935009000401;1
395833009001001;1
413317009000701;1
413830009000501;1
395691009006701;1
386976009000301;1
386944009000601;1
397326009000701;1
399962009000401;1
408737009000201;1
413346009000401;1
416859009000701;1
407991009001001;1
415089009000501;1
399870009000801;1
400664009000301;1
417470009001901;1
442057009000401;1
391302009003301;1
402608009000801;1
400193009000901;1
404338009000401;1
410877009000601;1
413509009000601;1
410670009000701;1
402621009000101;1
407807009001001;1
392037009001701;1
413133009001101;1
409549009001901;1
412023009002301;1
409987009000201;1
411724009002001;1
409758009000301;1
408019009000801;1
407807009000101;1
409802009001001;1
411194009000601;1
402912009000101;1
408956009000301;1
399885009000301;1
406068009000901;1
390599009001901;1
433972009001801;1
405376009000701;1
394084009001101;1
395345009000601;1
419969009000201;1
413756009002201;1
430457009003701;1
417396009000301;1
337572009003501;1
446685009000101;1
415095009000701;1
404041009001301;1
398448009000701;1
413971009001301;1
402695009000401;1
402608009000701;1
406465009001401;1
409300009001801;1
414321009000401;1
404433009000201;1
407918009000501;1
413621009001701;1
446466009000401;1
414496009000101;1
407356009000301;1
413679009001601;1
413561009001001;1
434170009000101;1
399871009000501;1
414224009000901;1
389133009001801;1
397154009001401;1
401321009000901;1
399921009001401;1
410507009001001;1
400953009000201;1
414867009000201;1
433565009001801;1
411889009000601;1
413930009002201;1
413574009000401;1
404662009000501;1
436070009000301;1
411656009000801;1
404759009001101;1
408899009001801;1
409764009000801;1
387260009001201;1
404506009001001;1
407697009000601;1
407497009002301;1
397304009000601;1
399871009000201;1
416088009000101;1
419864009000801;1
410960009000701;1
405375009000201;1
402872009001701;1
468528009000101;1
409069009000501;1
405370009001101;1
415074009001301;1
388096009001401;1
415074009000701;1
419112009000601;1
408901009000701;1
414716009000301;1
409619009000201;1
410973009001601;1
410894009001801;1
401720009000901;1
396313009001201;1
463989009000101;1
402737009000701;1
411541009001501;1
407462009000501;1
412458009001701;1
413621009001901;1
402628009000101;1
406271009000801;1
408038009001501;1
388591009004501;1
397677009000601;1
389872009002301;1
414306009000901;1
408141009000701;1
408881009000401;1
410460009000401;1
413609009001201;1
414248009000401;1
436075009001401;1
399053009001401;1
412158009000201;1
413393009000201;1
414691009000101;1
413517009000501;1
400331009001001;1
389908009000601;1
410157009000701;1
411600009001701;1
406510009000301;1
387825009000501;1
414061009000201;1
412491009000201;1
410590009000601;1
412444009000501;1
411027009000501;1
415755009000601;1
410575009000101;1
414189009000201;1
409566009000301;1
412469009000501;1
404149009001601;1
409630009001701;1
414913009001401;1
414118009000301;1
402620009001501;1
386987009001401;1
419108009000501;1
409146009000701;1
396506009000901;1
409987009000101;1
409745009000801;1
390020009000901;1
410478009001501;1
388471009000701;1
408568009000301;1
408032009001701;1
407610009000401;1
409560009001501;1
409560009001401;1
404541009000801;1
408154009000201;1
407694009000801;1
390757009000301;1
436075009002301;1
414360009000101;1
410647009000301;1
391432009000101;1
407794009000501;1
420104009002101;1
409675009000301;1
415034009000201;1
414385009000101;1
413980009000101;1
437058009000601;1
400351009000101;1
322821009001001;1
411125009001801;1
400749009000101;1
410769009001501;1
400867009000101;1
421922009000301;1
409254009000401;1
397304009001001;1
409187009000201;1
398760009002701;1
165077009002101;1
391571009000701;1
410135009000201;1
406356009000301;1
413894009000501;1
411791009000401;1
414111009000401;1
415056009001001;1
413894009001001;1
411995009000601;1
399053009001301;1
394728009000201;1
413350009000301;1
405347009001301;1
411243009000101;1
406124009001501;1
409981009001601;1
413635009000701;1
399945009000301;1
411857009000301;1
435834009000901;1
404937009001101;1
413133009001001;1
407879009000301;1
399875009000601;1
399714009000901;1
404705009000801;1
405375009000601;1
400606009000701;1
410740009000401;1
396248009000201;1
414974009002101;1
420035009000601;1
407795009001901;1
415089009000401;1
407952009000301;1
414101009000101;1
402814009000201;1
399279009002401;1
389970009000701;1
409160009001001;1
407800009000201;1
409515009000301;1
410338009000301;1
337572009002301;1
412366009004301;1
419983009000901;1
398130009000401;1
404111009000201;1
408498009002101;1
411118009000601;1
405950009001701;1
409942009001301;1
409566009001501;1
409469009001101;1
402944009001301;1
412840009001801;1
412116009000501;1
411857009000101;1
389647009000601;1
406058009001401;1
411708009000801;1
402381009002101;1
399648009001701;1
395806009000201;1
407867009000501;1
409628009000501;1
413854009000201;1
410670009001801;1
465310009000201;1
414282009000301;1
412405009002001;1
413830009001001;1
402844009000801;1
413709009000401;1
322821009001501;1
391926009001001;1
414923009000201;1
409541009000801;1
407490009000701;1
413308009001901;1
400494009000701;1
400387009002201;1
393864009000901;1
405642009001201;1
406529009001101;1
406207009000801;1
407661009000301;1
404947009000901;1
403867009000301;1
413999009000501;1
407905009000201;1
404947009001801;1
399921009000501;1
409335009000401;1
411959009000201;1
416483009000501;1
405476009000401;1
404307009000201;1
414698009001401;1
397326009000901;1
411070009000201;1
409187009000101;1
399656009001901;1
405642009001501;1
400863009000501;1
411829009000601;1
402831009000901;1
407096009001101;1
409366009001001;1
392942009000501;1
402831009000701;1
409366009001601;1
430457009000701;1
402042009001001;1
412338009001501;1
410001009001201;1
410338009000101;1
413893009000901;1
404143009000101;1
387999009001201;1
409524009000201;1
405702009002001;1
409335009000101;1
416795009000801;1
411889009000101;1
406907009000501;1
404506009001601;1
400961009000901;1
409555009000601;1
398760009000501;1
406930009000901;1
407685009000201;1
413709009000101;1
397167009000301;1
412028009001801;1
413513009001001;1
407911009000301;1
386773009000401;1
409232009000101;1
394679009000201;1
409149009001101;1
411234009000401;1
413858009000201;1
409880009000601;1
407867009000601;1
403837009000401;1
410439009000801;1
411192009000101;1
393809009001101;1
386902009000601;1
408540009000501;1
415534009001201;1
398406009000501;1
407117009001201;1
412711009000501;1
434289009000201;1
396585009001101;1
401786009000201;1
414361009001901;1
409521009001301;1
394454009000201;1
409800009001501;1
399142009000601;1
406994009001501;1
398465009001001;1
419144009002301;1
409172009000201;1
413346009000801;1
395691009000301;1
407915009000601;1
414975009000101;1
407557009001401;1
408010009000701;1
397745009000901;1
434362009000601;1
410338009000401;1
408053009000201;1
420104009001901;1
402632009000301;1
411129009000601;1
412116009001601;1
407672009000101;1
427584009000101;1
412127009000301;1
414884009000801;1
406384009001201;1
388680009001301;1
409612009000201;1
407865009000301;1
412393009000301;1
404143009000501;1
423099009000201;1
399439009000201;1
402601009000701;1
465635009000101;1
413956009000101;1
388995009000701;1
419938009000701;1
400680009000401;1
409831009000701;1
412334009000201;1
403867009000201;1
405691009000301;1
407310009001701;1
402944009000601;1
405642009000401;1
412342009000301;1
410895009000601;1
406139009000501;1
406529009001601;1
399938009000901;1
406124009000101;1
405691009000401;1
394454009000401;1
396463009002101;1
406509009000101;1
404052009000201;1
387879009000801;1
415095009000401;1
400819009001501;1
405997009000901;1
400432009002401;1
399226009001301;1
409833009000301;1
411747009000501;1
400494009004101;1
411602009000501;1
403621009000301;1
410113009000501;1
417306009001001;1
406437009001601;1
388479009001101;1
386976009001501;1
408636009000701;1
412086009000601;1
423046009000501;1
405781009000201;1
418031009000101;1
391302009000301;1
413530009000301;1
414773009000301;1
415089009001201;1
400719009000501;1
419108009000801;1
399935009000201;1
395373009000601;1
413561009000801;1
408529009000201;1
409283009000301;1
414947009000901;1
400863009000301;1
406510009000201;1
409459009000301;1
394774009002701;1
415779009000701;1
388096009002001;1
409469009000301;1
409494009000201;1
404427009003101;1
411829009000201;1
409160009001501;1
415762009000501;1
404290009000401;1
413842009000101;1
404113009000801;1
408333009000501;1
413299009000501;1
408090009001301;1
389047009000901;1
404429009001401;1
413123009000301;1
407923009000601;1
394895009000301;1
402829009001401;1
394117009000401;1
409997009000701;1
414118009001101;1
411424009001001;1
406514009000101;1
399651009000201;1
407671009000201;1
412393009001301;1
461450009000101;1
401776009000901;1
412368009001201;1
443997009000701;1
419102009000301;1
434289009001001;1
408540009001101;1
410726009000201;1
412321009000801;1
396296009000701;1
436619009001201;1
408054009000401;1
393795009000301;1
415022009000201;1
397754009000901;1
465091009000101;1
411621009000401;1
443191009000301;1
413830009000901;1
412068009000301;1
402611009000901;1
399866009001401;1
391302009002901;1
423040009000101;1
406927009001901;1
414294009000401;1
396248009001101;1
407952009000701;1
410859009000101;1
409383009000101;1
414203009001901;1
399866009002401;1
409522009000501;1
414361009001401;1
410338009002101;1
408053009000601;1
414343009002301;1
411708009000201;1
389133009000601;1
409824009000201;1
410814009000301;1
406275009000301;1
410943009000801;1
413755009000101;1
407917009000301;1
388300009000701;1
388988009000201;1
409831009000101;1
391975009002301;1
399648009000801;1
399226009003201;1
411223009000801;1
406238009000401;1
411569009000401;1
408839009001201;1
399768009001201;1
389872009002601;1
391630009001001;1
399970009002101;1
408931009001101;1
398388009000601;1
408038009001401;1
406511009000201;1
412822009001101;1
409522009000701;1
404662009000301;1
401134009000801;1
408830009001101;1
400767009000201;1
399970009002201;1
410750009000501;1
412401009001801;1
410885009000401;1
417166009002601;1
413993009000301;1
396463009000101;1
414282009000101;1
410750009000401;1
404625009002001;1
413727009001501;1
401764009003201;1
395833009001201;1
408090009000401;1
406068009001001;1
414929009000901;1
411642009000701;1
409420009001801;1
400684009000601;1
402610009001101;1
414359009001101;1
407462009001501;1
414167009001201;1
407899009000501;1
413896009000201;1
410113009002001;1
404307009001101;1
406101009000401;1
399875009000101;1
395438009000601;1
419969009000901;1
401831009002501;1
403765009000501;1
400841009007001;1
407906009000501;1
412050009000301;1
411245009000901;1
405370009000301;1
389517009000201;1
388089009000401;1
409859009000601;1
408351009001401;1
389647009000501;1
399828009000701;1
412116009001101;1
409398009001001;1
411255009001001;1
408956009000801;1
402632009000101;1
409283009000201;1
402577009000701;1
416342009000201;1
400841009000101;1
391525009000401;1
399926009000301;1
400187009001001;1
414059009001601;1
413261009000301;1
388241009000801;1
407911009000501;1
410234009000101;1
406254009000701;1
410872009000601;1
405259009000101;1
413854009001701;1
413324009000601;1
399962009000201;1
409282009000901;1
403818009002101;1
389517009001101;1
404670009001001;1
407008009000801;1
403799009000601;1
394774009000801;1
387167009000701;1
409824009000301;1
410814009000201;1
414224009002801;1
382601009000101;1
414975009000601;1
410670009000101;1
407949009000201;1
404587009000201;1
412082009001001;1
409003009001901;1
400680009001901;1
413602009000701;1
400331009001601;1
402755009002001;1
411664009000201;1
415500009000601;1
419111009001201;1
400719009001201;1
406138009001601;1
423686009000401;1
413324009000501;1
387999009001001;1
395261009000901;1
415557009000201;1
413362009000601;1
405997009000801;1
392350009000401;1
409495009002201;1
412301009001601;1
404225009001201;1
414755009000501;1
412037009001701;1
406099009000601;1
411987009000401;1
408306009002201;1
400193009000601;1
406416009001401;1
398142009002401;1
395245009000401;1
410478009000901;1
409863009001001;1
397103009001201;1
408154009000601;1
402628009000501;1
403889009000701;1
410460009000101;1
406465009001301;1
388995009001301;1
400612009000901;1
406299009000101;1
410554009002001;1
407076009000201;1
412432009000701;1
408336009000501;1
403944009001201;1
387879009000301;1
400210009000201;1
409521009000701;1
408625009000301;1
414746009000301;1
407881009000501;1
414493009000201;1
402889009000101;1
411761009000101;1
397139009000701;1
323332009001101;1
391525009001001;1
399768009000701;1
431629009000701;1
409156009000601;1
414693009000301;1
408733009000101;1
412418009000301;1
407582009001601;1
410319009001401;1
409444009000601;1
399864009000101;1
413403009001501;1
406920009001801;1
409678009000701;1
400953009000101;1
414319009001101;1
401679009000101;1
399864009001501;1
427471009001801;1
407025009001901;1
410885009000501;1
411708009000301;1
409981009000401;1
415347009000901;1
409366009002201;1
387841009001601;1
410162009000801;1
403857009001201;1
409612009000101;1
409612009000301;1
413602009001301;1
411542009000501;1
399860009002701;1
419170009001101;1
423048009000201;1
395261009000201;1
389872009001101;1
446685009000201;1
414744009000401;1
413346009000501;1
419102009000501;1
388667009001701;1
412223009001601;1
406275009000101;1
407800009000301;1
413350009000201;1
407902009000101;1
414861009001601;1
411724009000301;1
414209009001501;1
412290009000501;1
414256009000401;1
407916009000501;1
404759009001201;1
414167009001301;1
411070009000701;1
395345009000501;1
399847009000201;1
416859009000801;1
411848009000801;1
405691009000901;1
394121009000201;1
410135009000301;1
399400009000901;1
409194009000701;1
389133009000501;1
410314009000101;1
409800009001201;1
412035009000101;1
414885009001501;1
414019009000401;1
411725009000301;1
414489009000601;1
410594009000401;1
393864009003201;1
415057009000401;1
409679009000101;1
413436009000501;1
413567009001001;1
409495009002301;1
413915009000101;1
409866009000101;1
411656009000901;1
412127009000501;1
400219009004501;1
393022009000401;1
406012009000501;1
388096009002301;1
411210009001101;1
397133009001701;1
388591009002201;1
410955009000201;1
390507009000701;1
412098009000401;1
399875009000401;1
406932009000601;1
399864009000401;1
395030009000201;1
412564009001101;1
393805009000701;1
395377009000401;1
409300009000301;1
391630009000701;1
399919009000101;1
407318009000301;1
411426009000101;1
394979009000501;1
408010009000301;1
391571009000301;1
414315009000801;1
408154009000101;1
414248009001301;1
420147009000701;1
411102009001301;1
410561009001601;1
409657009000401;1
411747009000201;1
415017009000501;1
415088009001101;1
407153009000801;1
412429009001301;1
413232009000301;1
390599009000101;1
408815009001701;1
393653009001401;1
395719009000201;1
412050009001601;1
410889009000101;1
413875009000301;1
409890009001101;1
415095009000101;1
414476009001001;1
407582009000501;1
413733009001201;1
408636009000401;1
411085009000701;1
414929009000101;1
411874009000401;1
399438009002801;1
407282009000701;1
429960009000801;1
412649009000701;1
409859009000501;1
407993009000401;1
413317009000801;1
407672009000201;1
409526009000701;1
402381009002201;1
391975009002201;1
419042009001401;1
411791009002201;1
415534009001801;1
407282009000601;1
406994009001301;1
404143009000601;1
415808009003001;1
400065009002101;1
401128009001401;1
411602009000601;1
407692009001201;1
408990009000601;1
401165009000401;1
399761009000101;1
400741009002201;1
409222009000501;1
410877009000301;1
401227009000301;1
417166009002901;1
413609009001501;1
402030009000801;1
410969009000701;1
395722009000601;1
414306009001601;1
411642009000301;1
401296009001101;1
400741009002101;1
396896009001601;1
407830009002001;1
406254009000601;1
411027009001101;1
409114009000201;1
405348009001001;1
411134009001101;1
398688009001901;1
410554009002101;1
409678009000601;1
409233009000501;1
410973009001501;1
389438009000701;1
410940009000401;1
415971009000701;1
403918009001201;1
413517009001301;1
402825009000401;1
415024009000301;1
395163009002801;1
411223009000701;1
402030009000101;1
417470009001301;1
399878009000601;1
399828009001601;1
403661009000301;1
408498009001401;1
404143009000901;1
433565009000201;1
388241009001801;1
395833009000601;1
407803009000601;1
409992009000201;1
401720009001901;1
408038009000601;1
406101009000201;1
428871009000701;1
399845009000401;1
408629009001501;1
409646009000101;1
397139009000101;1
409526009000501;1
397326009000601;1
406254009001601;1
414361009000701;1
411521009000401;1
386910009001901;1
401125009001601;1
388591009002401;1
416854009000501;1
412841009002001;1
415075009002801;1
406233009000201;1
413123009000601;1
410762009000901;1
404113009001301;1
399850009001301;1
408059009000901;1
397133009000301;1
412809009000101;1
412971009000301;1
406012009000101;1
400667009000801;1
407964009000801;1
409628009000601;1
407044009000601;1
387679009001201;1
412086009000501;1
417086009000401;1
409764009002301;1
398465009001201;1
406412009000301;1
386976009000201;1
398688009000601;1
396440009003001;1
411125009000301;1
407415009000201;1
408839009000201;1
413642009000701;1
414190009000301;1
413361009000501;1
391432009001401;1
401428009002201;1
409981009000101;1
404201009000301;1
411791009000301;1
406905009000901;1
392019009000601;1
399438009005401;1
399962009000301;1
409030009001501;1
403563009002601;1
373604009003301;1
414361009000601;1
464487009000201;1
410647009000801;1
413301009000701;1
409541009000701;1
423046009000301;1
407400009001001;1
415087009001201;1
409515009000201;1
412209009000601;1
412444009001001;1
401679009001401;1
399797009001001;1
414884009001501;1
409781009000501;1
413393009000701;1
414101009000701;1
414990009001401;1
395833009001101;1
386890009000901;1
412050009002701;1
402889009000601;1
399945009001401;1
402883009000301;1
396263009003501;1
414183009000201;1
409863009001101;1
409662009001801;1
414256009001201;1
399679009000101;1
408529009000701;1
413436009000301;1
388096009001701;1
438928009000401;1
468959009000101;1
411010009001101;1
414990009001301;1
395030009002101;1
412768009001501;1
415024009000501;1
409863009001901;1
398081009002301;1
397284009001401;1
395261009000501;1
412918009001801;1
412420009001301;1
414809009001401;1
409016009000201;1
401214009000401;1
407490009000901;1
410955009001601;1
413709009000201;1
404113009000201;1
412768009001401;1
411931009000101;1
402600009000301;1
396068009000101;1
405376009000301;1
413385009000601;1
409624009001401;1
387999009001101;1
409424009001001;1
410001009000101;1
409963009000701;1
409459009000201;1
411573009000601;1
404163009001001;1
386976009000501;1
413229009000701;1
413530009000601;1
413299009000101;1
409833009000401;1
415899009000501;1
415222009000701;1
412360009001601;1
408038009000801;1
396263009001601;1
401125009000801;1
394084009000401;1
415074009001401;1
412840009000701;1
409552009000201;1
392173009000201;1
394675009001101;1
411600009001601;1
410234009000301;1
391591009000601;1
411246009002101;1
417166009000701;1
400667009000701;1
419999009000301;1
406384009000301;1
417447009004301;1
410829009000201;1
438928009000201;1
402695009000701;1
409198009000801;1
409233009000201;1
414190009000101;1
419091009000701;1
386773009000101;1
443194009000701;1
414806009000601;1
412162009000801;1
409172009001101;1
407415009000301;1
402703009001301;1
409624009000101;1
400667009000101;1
427584009000401;1
409890009000501;1
388591009002301;1
465014009000101;1
409532009000301;1
409541009001801;1
415971009000301;1
407497009002201;1
409114009000701;1
395796009000501;1
401645009000301;1
412573009000401;1
413854009001501;1
412573009001301;1
411267009000301;1
411791009001901;1
409800009001101;1
434560009001001;1
412303009000701;1
409552009000801;1
415762009000701;1
393798009001401;1
413513009000901;1
420055009001201;1
409532009000201;1
404893009000401;1
392942009000701;1
404533009000801;1
403563009000501;1
399714009000601;1
388089009000501;1
399648009000601;1
413452009000101;1
410478009000701;1
399812009000701;1
407153009000901;1
392266009000601;1
411875009000601;1
404142009000801;1
408462009000601;1
407462009000301;1
406437009001201;1
465289009000101;1
412098009000501;1
394862009001501;1
398126009001501;1
407008009001001;1
408955009000701;1
434624009000501;1
404705009001501;1
403889009000101;1
388110009001001;1
390599009000801;1
420066009000501;1
411874009000701;1
411168009000701;1
389047009001001;1
407408009000301;1
407318009001001;1
413969009000201;1
406927009001501;1
397103009001401;1
388980009001001;1
408955009000901;1
413621009000501;1
407582009000901;1
397912009000901;1
407200009001501;1
399970009000701;1
406238009000501;1
414019009001101;1
407117009000301;1
401125009001301;1
399438009004901;1
390757009001001;1
396585009000301;1
389908009000801;1
396627009000201;1
412056009000701;1
413733009000201;1
386944009000301;1
408931009001601;1
411620009000501;1
404307009003101;1
398388009000201;1
407033009000101;1
403857009002801;1
401321009000501;1
409630009000201;1
399930009001201;1
391463009000701;1
414112009000601;1
433565009000101;1
399411009000601;1
412822009000401;1
405496009000501;1
434560009002201;1
408568009001201;1
406465009000301;1
409906009000701;1
399142009000701;1
399945009000201;1
414303009000601;1
414177009000701;1
412116009000201;1
412186009000101;1
407661009000101;1
408830009000801;1
410472009000201;1
411725009000101;1
408053009000301;1
407659009000401;1
410289009001201;1
413930009001601;1
414190009000401;1
411541009001201;1
434170009000601;1
433972009001601;1
410472009001001;1
397284009001101;1
408625009000401;1
412971009000401;1
400060009000601;1
404670009001601;1
400144009000801;1
409646009000201;1
394728009000301;1
471519009000101;1
400187009000701;1
395806009001801;1
408629009000301;1
413492009000701;1
395238009000201;1
400819009001601;1
413574009001001;1
409662009000201;1
382601009001701;1
400599009000601;1
410439009002001;1
413403009002801;1
404547009001101;1
432373009000901;1
382635009001901;1
399987009000501;1
406012009001101;1
411520009000101;1
407995009000801;1
404111009001401;1
400450009000201;1
399338009000201;1
407692009000601;1
396627009001001;1
410136009000201;1
410874009002301;1
404080009000801;1
413301009000901;1
407356009000201;1
390594009000601;1
413364009000801;1
401125009001701;1
406271009000101;1
411006009000901;1
402737009000101;1
411134009001201;1
404115009000901;1
409986009000401;1
416483009000101;1
395668009001501;1
412649009001201;1
409646009000501;1
411111009000401;1
404113009001001;1
407850009000601;1
415057009000601;1
389456009000501;1
411859009000201;1
392266009000701;1
394102009000601;1
387940009000301;1
419144009000101;1
410524009000301;1
411848009000301;1
408839009000501;1
394845009004101;1
432373009001301;1
409524009000501;1
407033009001401;1
407544009000301;1
406283009000901;1
409671009000501;1
395438009000301;1
411243009000401;1
410903009001401;1
414163009000701;1
402733009000201;1
414905009000401;1
410829009000901;1
404453009000401;1
399674009000401;1
415440009000101;1
414061009000501;1
412082009000301;1
414179009000101;1
409678009000201;1
407806009002101;1
399867009000701;1
408462009000101;1
416795009000201;1
389866009000501;1
403944009000401;1
412223009000201;1
412405009000101;1
463284009000101;1
413229009000601;1
409931009000401;1
409992009001301;1
406207009000701;1
412432009000101;1
413176009001401;1
408881009000501;1
322821009001801;1
412702009000601;1
409165009000701;1
401296009002401;1
387879009000401;1
412333009001201;1
386944009001001;1
408826009000301;1
409495009002101;1
415347009000801;1
386987009000101;1
399945009000901;1
414209009001401;1
411194009000101;1
397148009000101;1
414746009000701;1
412429009000201;1
399438009001001;1
400897009000601;1
409646009000301;1
411194009000701;1
410859009000401;1
394675009001401;1
395780009000701;1
407917009000201;1
412821009000901;1
408716009000201;1
410554009000301;1
407997009001001;1
409524009000301;1
410894009001901;1
398126009000401;1
401165009000501;1
414190009000201;1
413842009000201;1
419113009000201;1
401293009002801;1
401720009000201;1
412702009000801;1
416910009000901;1
409398009000401;1
411541009000501;1
404338009000601;1
406058009001501;1
409420009001001;1
410889009000801;1
403992009000501;1
400187009000801;1
401645009000501;1
398585009000401;1
413834009001201;1
402042009001101;1
459178009000201;1
405348009000601;1
409552009000301;1
386906009001201;1
411642009000801;1
432716009000201;1
416083009001201;1
402577009000101;1
408990009000701;1
464352009000101;1
399656009000201;1
408699009001101;1
406920009002001;1
409751009000901;1
405946009000201;1
400638009000801;1
399438009000901;1
413994009000101;1
408102009000901;1
403837009000701;1
411168009001101;1
422485009000101;1
409437009000701;1
414867009000401;1
414190009000501;1
403867009000101;1
402042009000401;1
414303009000101;1
411930009000701;1
402944009001201;1
407692009000301;1
400767009000101;1
402042009000901;1
399845009000601;1
397677009002001;1
400659009000701;1
409424009002801;1
412573009000101;1
410495009002601;1
413560009000301;1
396279009000101;1
394862009001401;1
410874009001401;1
412405009000901;1
165077009001101;1
400344009000801;1
415004009001101;1
410458009001401;1
393789009000301;1
405476009000501;1
408830009000201;1
411656009000101;1
411267009000801;1
415021009000401;1
413176009000601;1
416854009000601;1
410478009001401;1
404354009001101;1
411100009000701;1
406225009000901;1
412150009000901;1
413994009001301;1
419964009001901;1
402814009000501;1
409069009000101;1
401128009001501;1
414209009001701;1
396263009000201;1
390757009001501;1
392996009001601;1
402480009001901;1
404453009000701;1
414905009000301;1
409187009000301;1
394256009000301;1
399860009001701;1
419938009001001;1
409194009000801;1
387841009001301;1
400897009000901;1
436619009000801;1
411620009004201;1
400863009001401;1
405950009000501;1
405339009002801;1
414822009000901;1
401679009000201;1
408038009001101;1
412346009001401;1
408273009000201;1
409986009001101;1
430457009000201;1
415222009001901;1
402733009000101;1
414603009002601;1
391571009000901;1
388008009000301;1
406927009002201;1
403837009000801;1
407858009001001;1
396915009000501;1
407685009001201;1
417396009000501;1
415907009000701;1
400031009000501;1
404135009001501;1
413894009001101;1
406920009002101;1
460187009000101;1
408913009000701;1
402682009000101;1
400599009000501;1
404354009000501;1
413615009000201;1
412393009001201;1
407659009000801;1
412837009000301;1
408972009000301;1
400612009000201;1
393746009000301;1
398860009000401;1
409657009000101;1
410740009000101;1
399828009000501;1
415719009000401;1
395668009001401;1
435944009001401;1
412290009000701;1
413385009001601;1
413834009000901;1
406178009000101;1
402625009000301;1
412711009000601;1
416458009000201;1
404565009000701;1
401428009000301;1
402528009000201;1
409494009000301;1
404308009000601;1
400643009000401;1
414809009000101;1
387879009000901;1
400953009001101;1
403799009000501;1
408703009001301;1
410590009001501;1
399860009000301;1
410726009000601;1
412022009001101;1
404254009000701;1
387183009001301;1
412493009000701;1
406437009001101;1
414861009000301;1
399878009000301;1
404099009001001;1
414118009001001;1
409114009000901;1
409165009000501;1
407806009001101;1
436075009002401;1
407415009000901;1
429588009000201;1
402615009000601;1
409880009001401;1
409758009000101;1
402703009000201;1
407046009001001;1
407044009000101;1
403918009000901;1
413477009000501;1
402703009002401;1
434289009001601;1
412368009001501;1
407991009000401;1
387228009000801;1
410740009000801;1
412313009000901;1
404515009000601;1
404533009000701;1
415779009000801;1
409943009000301;1
423046009000601;1
409626009000901;1
407795009000601;1
395377009002201;1
409469009000901;1
402831009000201;1
395238009001601;1
404191009000901;1
404142009000101;1
409003009000701;1
414167009000501;1
395238009000901;1
408019009000501;1
401303009001201;1
417447009002001;1
414315009000301;1
414321009001501;1
413956009000801;1
415083009000601;1
392037009000901;1
411169009000601;1
410138009000901;1
260402009001001;1
405781009002101;1
398760009001001;1
411168009000801;1
405997009000701;1
411210009001301;1
408351009000301;1
411070009000601;1
408102009000101;1
402829009000401;1
412098009000101;1
407282009000801;1
410903009000301;1
409626009000401;1
411129009000201;1
399053009001501;1
403753009000901;1
414511009001201;1
414893009001901;1
407490009000101;1
413727009000301;1
414913009000801;1
423686009000101;1
405244009000301;1
420482009000101;1
407144009000301;1
408031009000801;1
419111009000201;1
260402009000401;1
401679009000301;1
412493009000601;1
409942009000901;1
414760009001001;1
399828009001301;1
414196009001201;1
414189009000401;1
391981009000801;1
406099009001201;1
413261009000601;1
413994009001401;1
411452009001601;1
415083009001301;1
412420009002101;1
406283009000501;1
411545009001101;1
408703009000701;1
386773009001701;1
411976009000401;1
409878009000101;1
411545009001901;1
399921009001001;1
399331009000601;1
390027009001301;1
403809009000101;1
406233009000501;1
404427009000101;1
396915009000701;1
406207009001201;1
401134009000701;1
397754009000701;1
416735009000101;1
412405009001401;1
419042009000901;1
260402009001201;1
398406009000101;1
397103009000501;1
404607009000901;1
406271009000301;1
395833009000201;1
414947009001001;1
400432009000101;1
404705009001601;1
399425009002401;1
416735009003001;1
401134009000501;1
416848009000301;1
386976009000101;1
402480009001501;1
407806009000201;1
402480009001701;1
414385009001301;1
406283009000701;1
429588009000501;1
396279009000801;1
392173009000401;1
412907009001301;1
412838009000301;1
409198009001501;1
410829009000801;1
412050009000401;1
407400009000301;1
404072009000901;1
394454009000301;1
406012009001401;1
408046009002101;1
410972009000101;1
414861009000201;1
402755009000401;1
396756009000101;1
414361009000501;1
398126009001601;1
411010009001601;1
404099009000901;1
408537009000701;1
408568009000901;1
410829009001001;1
404041009000901;1
419964009002001;1
407077009002701;1
413301009001001;1
407787009000601;1
414752009000801;1
389133009000301;1
391432009000801;1
394102009000401;1
414163009000401;1
407850009000101;1
406416009001901;1
403753009000801;1
408599009000301;1
404433009000501;1
395030009002501;1
411875009002401;1
411776009000401;1
419042009001501;1
427471009000601;1
413980009000501;1
388241009001901;1
404515009000101;1
387825009001201;1
414885009002301;1
387167009000901;1
390020009001201;1
408913009000601;1
407930009000301;1
394774009002901;1
427213009000201;1
413969009001101;1
462701009000401;1
399878009000201;1
407858009000101;1
394121009000101;1
410762009000701;1
412098009001401;1
402883009001801;1
410859009000901;1
393746009001201;1
409811009000601;1
408804009000901;1
404096009000101;1
407408009002301;1
419170009000701;1
408867009000601;1
412360009000401;1
409526009001301;1
414760009000901;1
386906009000501;1
412194009000501;1
413366009001101;1
409657009000601;1
406465009001201;1
402597009000101;1
400930009000301;1
419112009000701;1
392019009000301;1
413609009000101;1
416083009000701;1
409880009000101;1
414693009000401;1
413301009000401;1
392173009001601;1
406529009000501;1
413875009000201;1
407937009000801;1
406099009000801;1
416342009002501;1
413875009000501;1
405347009000601;1
411859009000901;1
419170009002001;1
413452009000201;1
409962009003001;1
400670009000601;1
407046009001301;1
390027009001401;1
414729009000101;1
415004009000701;1
407835009000101;1
407310009001001;1
409884009000501;1
409198009000901;1
388241009001101;1
399438009001601;1
412458009001301;1
417166009000801;1
412086009000101;1
411367009000501;1
402872009002001;1
410657009001301;1
408990009000501;1
395838009000301;1
411027009000401;1
387825009001001;1
402030009001001;1
414340009001301;1
409675009000101;1
407848009000201;1
413930009000701;1
407165009000401;1
409146009000601;1
404096009000401;1
413403009002901;1
415500009000901;1
390027009000301;1
403753009000201;1
407310009000901;1
440849009000901;1
416795009000501;1
395719009001001;1
402889009001201;1
414691009001601;1
402889009001601;1
413993009000501;1
389047009000201;1
406138009000501;1
409005009000401;1
409624009000201;1
399797009000301;1
408628009000601;1
410894009000901;1
413271009000101;1
412313009000401;1
419108009000601;1
388089009000601;1
400667009000401;1
404937009000701;1
413366009000301;1
409030009000301;1
412313009001901;1
405339009000701;1
404115009001501;1
408599009000401;1
409657009000501;1
387859009000401;1
395719009000901;1
399425009000101;1
394862009001301;1
399860009003101;1
403846009001901;1
407462009000101;1
323332009003101;1
395668009000601;1
411789009001401;1
415075009003601;1
405704009000701;1
413896009000101;1
405496009001901;1
400638009001001;1
413885009000601;1
401128009000601;1
399436009001401;1
412037009000901;1
387825009000401;1
401125009001201;1
409551009000901;1
409194009000601;1
411620009000101;1
412368009000601;1
409781009001501;1
409963009000201;1
420053009001001;1
404254009001201;1
411160009000401;1
382635009001301;1
408059009000201;1
411160009000101;1
415325009000601;1
414361009000101;1
414361009001001;1
410010009000801;1
402825009001101;1
410885009001401;1
400065009001001;1
413232009000101;1
409444009001401;1
401929009002001;1
411898009000401;1
412362009000101;1
409016009000601;1
409824009000801;1
402624009000601;1
414190009002001;1
440843009001701;1
415024009000401;1
414489009000801;1
412746009000901;1
399647009000101;1
406410009001001;1
413317009000601;1
410138009000401;1
411930009000101;1
412345009000801;1
407709009001101;1
409339009000401;1
393653009000401;1
414360009000301;1
413364009000901;1
417470009000101;1
399411009002101;1
414893009000801;1
414340009001901;1
446466009000901;1
401786009000701;1
407201009000901;1
409811009000401;1
415755009000201;1
386987009002601;1
410456009000801;1
399867009001201;1
407048009000801;1
413403009001401;1
389408009000601;1
413560009000401;1
410590009000301;1
423686009000301;1
409420009000201;1
396673009001001;1
419042009000601;1
427584009001701;1
408839009000801;1
413346009001901;1
411872009000801;1
401273009001701;1
413992009000301;1
413574009000301;1
407937009000901;1
415089009000101;1
413123009000501;1
410814009001701;1
402528009000601;1
413613009001801;1
416854009000401;1
415087009001101;1
404562009000101;1
388995009000101;1
412340009000701;1
403944009001101;1
405375009001801;1
402825009000301;1
404115009001001;1
415371009000101;1
458799009000101;1
407937009001001;1
413393009001301;1
404072009000101;1
408102009001601;1
401293009002201;1
409160009001301;1
391975009001101;1
397098009000401;1
410889009000501;1
410245009000101;1
409194009001701;1
409628009000301;1
415004009000301;1
405375009000501;1
419938009000801;1
395838009000901;1
414760009000801;1
412382009001901;1
404217009001001;1
414019009000901;1
404217009000901;1
412837009000401;1
393805009000801;1
406139009000801;1
397139009000901;1
410812009001201;1
431564009000901;1
405642009001601;1
406437009000901;1
388241009001401;1
412444009000601;1
404080009001001;1
406058009000201;1
408629009000201;1
415089009001101;1
412469009001801;1
401296009001501;1
404111009000701;1
390594009000801;1
410969009000101;1
410590009000201;1
413517009000101;1
406124009000801;1
465002009000101;1
386916009000801;1
412429009000601;1
393864009000801;1
412840009000601;1
409254009001201;1
404206009000301;1
410157009000501;1
408975009000201;1
406529009000201;1
404041009000601;1
411478009000301;1
434333009001601;1
402682009000601;1
404115009000201;1
399825009000301;1
401128009000401;1
402615009000701;1
400459009000601;1
414111009000101;1
409811009000501;1
412807009000901;1
399881009000701;1
397677009001701;1
414809009000801;1
406058009000301;1
399714009002701;1
386944009000401;1
406369009001201;1
404308009000901;1
411930009000601;1
389872009001201;1
393809009001001;1
399338009000601;1
402555009001401;1
410524009000601;1
400659009000901;1
409541009000201;1
400680009001801;1
415075009001001;1
402748009000201;1
415053009000801;1
410812009000701;1
414744009000901;1
409222009001601;1
461189009000101;1
415325009000201;1
382601009000201;1
397745009000601;1
387183009000801;1
411789009000701;1
404937009001501;1
397154009000501;1
414975009001001;1
413561009000301;1
408202009000201;1
408975009000101;1
407659009000701;1
434831009000301;1
401321009000201;1
407685009000601;1
389438009000101;1
442057009000201;1
413756009000101;1
409069009000301;1
408313009000101;1
411006009001501;1
414304009000601;1
413642009001001;1
323332009000901;1
413452009001301;1
415004009001201;1
411070009001201;1
407100009000101;1
408955009000101;1
413855009000901;1
408913009000901;1
410135009001701;1
469137009000101;1
389438009000501;1
408953009000901;1
414744009000201;1
415762009004101;1
395245009000601;1
382635009004101;1
413635009000401;1
389438009000601;1
404217009000501;1
431564009000301;1
409366009002401;1
404167009000201;1
410289009000701;1
400664009000201;1
397326009001901;1
399926009001801;1
409624009001301;1
404201009000501;1
407835009000701;1
415088009001201;1
409532009000101;1
411450009003501;1
395261009000301;1
409813009000901;1
408351009000501;1
406437009001001;1
409764009000501;1
387864009000301;1
412417009000101;1
414737009000301;1
409437009000301;1
410726009001401;1
411789009000501;1
389872009000701;1
404135009000401;1
411426009000301;1
388975009001401;1
393864009000501;1
390021009000101;1
407557009000801;1
414196009001301;1
165077009001201;1
400749009000301;1
386987009002201;1
408844009000501;1
407046009003101;1
411530009000101;1
382601009001901;1
404135009000701;1
412101009001001;1
399260009000101;1
395377009000101;1
410135009001301;1
412432009000601;1
398688009002101;1
415087009000601;1
412807009001201;1
406138009001201;1
394102009000501;1
436735009001401;1
396627009000101;1
409679009000901;1
402480009001601;1
462586009000101;1
411776009000601;1
402625009001601;1
412918009001001;1
395719009000801;1
438167009000101;1
399679009001301;1
400638009000901;1
409144009000401;1
396296009000101;1
413561009001501;1
462170009000401;1
405691009000801;1
412825009000101;1
413602009001401;1
405704009000201;1
412257009002901;1
434560009000601;1
410157009000301;1
387879009000501;1
472106009000101;1
337572009003401;1
403861009001301;1
410458009001301;1
413980009000601;1
408019009000601;1
396068009000701;1
401776009000101;1
391390009001401;1
414885009002201;1
391838009000301;1
412023009001701;1
397328009002501;1
411452009001501;1
388008009000201;1
434291009000101;1
396627009001201;1
409254009000501;1
398126009000201;1
408839009000301;1
409424009001201;1
399945009001601;1
387940009000101;1
419042009001301;1
410630009000401;1
410630009000101;1
406412009000101;1
400867009000401;1
395780009001501;1
402403009000101;1
410519009000101;1
410524009001301;1
403809009000201;1
411521009001401;1
442057009000101;1
408109009000701;1
260402009000901;1
396279009000301;1
387679009001301;1
407858009000901;1
397677009001601;1
412290009000601;1
364772009001301;1
411006009001701;1
388697009002201;1
409764009002101;1
391838009000201;1
400344009000501;1
408629009000501;1
414321009000501;1
409233009000401;1
410138009000801;1
412348009000501;1
406038009001101;1
414183009001001;1
400065009000301;1
401428009000901;1
413647009002101;1
413261009000201;1
412844009000201;1
414304009000801;1
423052009001001;1
402877009000101;1
402682009000701;1
408975009000901;1
415095009000301;1
402271009000101;1
413403009000701;1
409254009000801;1
403799009001101;1
414059009001401;1
402601009001701;1
410001009000201;1
399656009000701;1
413491009000201;1
411108009000401;1
407279009000701;1
391838009000701;1
398448009000301;1
408956009000201;1
394728009000401;1
407040009000501;1
413477009000101;1
395238009001701;1
410762009001301;1
414760009000101;1
411234009000301;1
398564009000101;1
412382009002301;1
412345009000701;1
406233009001501;1
412420009000501;1
413232009001801;1
413491009000101;1
414059009003201;1
408815009000801;1
409628009001501;1
388975009000201;1
407168009000201;1
408313009001201;1
408907009000401;1
413436009000801;1
413647009000801;1
395261009001201;1
415325009000701;1
412321009000601;1
390020009000701;1
388995009001101;1
412418009000201;1
404562009000901;1
411077009000701;1
469444009000101;1
407685009001301;1
401679009000501;1
413346009000601;1
414737009000401;1
409801009001601;1
411542009000801;1
399176009002001;1
408017009000401;1
399142009001301;1
410495009000601;1
404254009001301;1
397103009000401;1
412564009000501;1
388975009000701;1
391390009000301;1
397328009001901;1
413513009000201;1
413367009000201;1
396040009000801;1
397745009000801;1
409880009001201;1
419112009001301;1
417166009000301;1
414809009000301;1
414163009000101;1
391926009000601;1
409366009000301;1
413474009000301;1
407997009000401;1
400606009001001;1
414698009001001;1
412186009001001;1
413229009000201;1
411367009001401;1
389970009001001;1
403818009000201;1
408334009000101;1
411542009000901;1
409986009000101;1
393079009000801;1
412382009000601;1
399674009000601;1
387277009000701;1
471519009000201;1
337572009002501;1
414861009001201;1
396896009001401;1
406383009001101;1
402877009000601;1
412840009001001;1
402682009000801;1
461932009000101;1
412746009000701;1
398388009000401;1
415075009000401;1
413362009002101;1
406038009002601;1
412257009003101;1
407672009001001;1
409222009001501;1
409906009001201;1
406012009000401;1
396313009000901;1
414923009000601;1
408804009001301;1
402057009000501;1
397133009000701;1
419864009004801;1
408109009001601;1
402695009000501;1
408305009001101;1
397113009000101;1
409624009000601;1
417470009000501;1
413393009001201;1
411642009000901;1
405781009001801;1
403857009001001;1
407830009002101;1
412420009003501;1
409884009000601;1
401929009002501;1
401273009001401;1
407048009000701;1
397148009001301;1
432531009000701;1
407417009000801;1
386910009002001;1
407040009000801;1
401134009000401;1
407692009000101;1
389456009000601;1
400351009000301;1
397139009000201;1
405814009000901;1
400741009002001;1
411006009001801;1
389866009000701;1
433972009000101;1
407279009000801;1
412845009000401;1
404206009001301;1
407497009001401;1
414884009000901;1
404290009000801;1
409942009001101;1
409494009000101;1
413385009001501;1
396440009003101;1
397167009001801;1
407995009001501;1
410439009000101;1
411450009002301;1
433565009001301;1
400331009000401;1
404607009001301;1
419078009001301;1
406927009002401;1
408498009002901;1
408703009000801;1
414853009001001;1
409172009001601;1
430457009000601;1
402030009000901;1
409366009001401;1
411724009000201;1
400459009000301;1
420104009001501;1
412194009000901;1
410669009000401;1
413324009000801;1
412290009000101;1
400031009000401;1
413561009000901;1
400659009001201;1
412179009000601;1
407610009000301;1
400351009000801;1
414359009001301;1
406932009001301;1
411111009000301;1
400659009000601;1
417306009000901;1
411430009000601;1
409764009000601;1
412429009000501;1
413858009000701;1
409339009001501;1
401303009002101;1
406416009001501;1
402057009002301;1
412907009000401;1
406300009000801;1
395780009000401;1
414893009001201;1
402480009001001;1
414189009000501;1
405950009000701;1
412179009001301;1
411931009000601;1
441696009000101;1
396282009000301;1
400407009001601;1
409469009001001;1
411424009001101;1
404354009000901;1
412338009000801;1
414183009000701;1
414923009000401;1
411134009000101;1
423301009000201;1
399797009000501;1
409437009000101;1
413346009001301;1
412321009000101;1
413994009000201;1
412366009000601;1
404183009000201;1
408333009000301;1
409745009000701;1
397148009001901;1
395685009001001;1
446685009001201;1
411267009001301;1
396248009000701;1
399142009001101;1
409671009000201;1
411545009001701;1
404308009001001;1
407117009000501;1
387228009000901;1
411776009000201;1
419112009001201;1
403846009001101;1
400114009000201;1
415755009003701;1
390599009002001;1
412382009000901;1
407672009000501;1
412094009000101;1
415371009000301;1
408109009001501;1
409156009000401;1
411437009000501;1
394102009000801;1
392037009001801;1
408010009000601;1
400599009001701;1
399425009002501;1
408822009000701;1
413992009000901;1
404893009000201;1
391302009000601;1
411931009000701;1
407795009000401;1
410750009000201;1
414319009000501;1
388659009000201;1
411724009000501;1
407803009000901;1
399860009000901;1
400351009000201;1
414757009000301;1
404201009002401;1
409833009000201;1
402912009002501;1
413893009001101;1
412223009000401;1
411199009001301;1
434291009000201;1
409551009000101;1
412116009000301;1
415095009000801;1
395163009000801;1
413602009000801;1
410630009000201;1
434333009000801;1
405702009000501;1
460777009000101;1
413261009000501;1
415371009001001;1
414744009000801;1
401764009003001;1
399825009000401;1
413754009001601;1
394845009000101;1
394084009000501;1
414990009001001;1
404080009000201;1
406038009000701;1
466354009000101;1
406920009001901;1
412837009000501;1
396440009001201;1
394454009001001;1
415017009000301;1
409638009000101;1
460216009000101;1
399924009000201;1
412345009000901;1
407659009000201;1
394728009000601;1
414737009000201;1
410762009000601;1
411995009000501;1
416458009001701;1
412082009000201;1
396673009001301;1
401776009000701;1
405496009000601;1
412702009000701;1
407995009001801;1
401745009000101;1
410136009000801;1
409751009000801;1
402611009001301;1
409160009001701;1
399425009000201;1
404135009000601;1
408537009001901;1
409781009002501;1
393746009000701;1
408867009001001;1
389133009001101;1
397328009001201;1
404541009000701;1
409981009001201;1
409282009000401;1
466924009000301;1
402624009000301;1
386902009000701;1
395163009003201;1
412209009000301;1
409544009000601;1
399926009000401;1
414727009000201;1
412429009002301;1
401303009002001;1
394121009000301;1
408498009001501;1
401128009000701;1
396377009000301;1
399674009000901;1
413754009000101;1
403621009000401;1
410971009000301;1
404562009002401;1
463892009000101;1
403846009000901;1
408109009000201;1
409619009000101;1
400638009000701;1
411367009002101;1
407850009000201;1
410319009000101;1
408659009000801;1
413509009000801;1
409222009000801;1
409366009001501;1
414760009000601;1
397745009000501;1
401929009001901;1
434624009000101;1
405496009001701;1
390027009001201;1
403944009000301;1
413885009000801;1
406139009001801;1
398760009000101;1
402818009000501;1
397139009001001;1
388659009000501;1
413647009001301;1
407077009000801;1
412367009000301;1
416411009000601;1
388089009001101;1
407709009000101;1
411791009000801;1
412348009000601;1
413324009000701;1
409339009000101;1
420880009000701;1
396896009000601;1
383283009001501;1
411077009000301;1
410245009000301;1
414885009002001;1
407794009000801;1
407490009000301;1
410960009000601;1
434353009000201;1
413854009001001;1
405781009001901;1
411223009001101;1
415088009000101;1
387841009000201;1
410135009000101;1
402381009000501;1
408955009000801;1
408656009000701;1
412842009000401;1
414321009001601;1
410895009000701;1
413560009001001;1
409662009001101;1
417086009000201;1
400867009000901;1
408054009000201;1
412578009001701;1
398406009000301;1
398546009000301;1
404705009000301;1
407048009001001;1
411875009001201;1
398409009001001;1
412056009000501;1
407557009001301;1
389456009001101;1
407993009000601;1
373604009003401;1
407033009001601;1
407415009000501;1
412842009000101;1
408019009000201;1
409521009000801;1
411931009000801;1
389456009001201;1
415053009000701;1
407937009000101;1
411776009001201;1
409931009000501;1
409526009000801;1
412303009000101;1
404183009001101;1
442977009001401;1
399924009001001;1
406412009000201;1
399436009000801;1
388680009001001;1
409420009000601;1
410507009000101;1
410941009000201;1
414189009000301;1
409989009000101;1
402480009001401;1
434624009000601;1
404658009000801;1
397326009000801;1
396915009001701;1
408636009000601;1
411168009001201;1
410893009000701;1
407279009000301;1
414315009000601;1
414822009000601;1
387859009000701;1
406410009000501;1
410162009000601;1
412746009000501;1
406101009000101;1
399261009000301;1
367540009000401;1
410458009000301;1
322821009000701;1
408054009001101;1
465934009000101;1
408498009003001;1
409801009001501;1
411545009000901;1
387679009000901;1
415053009002101;1
402883009000501;1
387679009000401;1
398465009001501;1
410953009000301;1
404142009001001;1
395368009000401;1
404759009000901;1
390027009001001;1
400515009000501;1
412338009000401;1
364772009000801;1
410594009000601;1
165077009000801;1
393079009000601;1
396627009000301;1
396101009000601;1
404667009000201;1
399656009000301;1
412702009000201;1
401764009001201;1
409030009001201;1
429588009000701;1
413385009000401;1
407607009000301;1
409745009001301;1
409566009001001;1
408844009001001;1
409987009001201;1
412980009000301;1
402944009000201;1
399930009000101;1
409494009001401;1
412429009001201;1
434353009000501;1
408606009000501;1
412393009000801;1
434362009000701;1
401720009001001;1
396097009000801;1
409878009000701;1
399875009000801;1
404453009000201;1
408568009000501;1
427584009002801;1
411976009000901;1
407803009000101;1
409953009000701;1
411642009002901;1
404433009000801;1
409393009001801;1
414913009001001;1
413893009000801;1
408931009001301;1
409391009001101;1
413756009000501;1
412405009000301;1
387859009000801;1
410670009000601;1
404533009000201;1
412842009000201;1
409884009000101;1
399761009000201;1
404206009001201;1
411210009000401;1
408102009001001;1
412127009000201;1
402577009000201;1
414760009000701;1
406356009000701;1
413509009001701;1
402844009000201;1
403944009000101;1
416735009000201;1
404361009000101;1
432531009000501;1
423040009000501;1
405339009003501;1
400606009001701;1
409802009000601;1
413896009001701;1
400819009000301;1
416411009000101;1
413647009000901;1
395838009001001;1
409962009003101;1
408965009000401;1
412844009000601;1
388680009001701;1
399436009000501;1
409398009000901;1
397912009001601;1
407497009000301;1
409890009000701;1
392939009000501;1
396263009000401;1
391975009001001;1
411194009001001;1
400719009000101;1
410138009000301;1
406038009000201;1
409987009000301;1
412821009001101;1
400643009000301;1
412841009000301;1
404191009000201;1
411898009001301;1
412807009000101;1
402528009000701;1
411898009000301;1
431564009001001;1
410113009000801;1
414112009000901;1
411169009000301;1
428871009000201;1
412303009002701;1
404041009001001;1
408054009000101;1
401720009001101;1
419969009000101;1
407165009000501;1
408313009000201;1
410894009002001;1
402865009000701;1
402872009001001;1
411791009001701;1
404929009001201;1
414343009001001;1
388803009000201;1
394862009000301;1
397133009003101;1
398170009000701;1
400961009000201;1
415075009001101;1
411541009002201;1
414727009000101;1
440849009000201;1
406238009000101;1
388183009000901;1
409149009001201;1
399438009001201;1
392727009000301;1
409444009000401;1
402744009000201;1
413474009001601;1
442977009001001;1
410960009000301;1
412037009001501;1
445257009000201;1
399875009001301;1
398448009000101;1
412348009001401;1
414809009000901;1
398126009001401;1
415054009000601;1
414746009000101;1
413602009000901;1
403809009000401;1
393079009000501;1
411452009000301;1
394774009002501;1
423686009000201;1
411872009000501;1
411872009000601;1
411931009001001;1
399825009001201;1
399930009001501;1
401745009002001;1
404149009000701;1
404947009000501;1
402744009000901;1
413858009000401;1
395238009001001;1
413513009000401;1
397133009002201;1
409963009001001;1
402555009000401;1
408916009000301;1
411829009000801;1
407692009000401;1
407557009001501;1
416479009000501;1
394862009000701;1
407610009000601;1
400515009001101;1
397139009000801;1
409800009001401;1
402057009001801;1
394774009002801;1
411849009001801;1
400219009004201;1
404670009001401;1
415084009001701;1
387316009001901;1
434333009000701;1
398409009001201;1
462548009000101;1
405339009000901;1
469854009000101;1
446685009001301;1
413855009000201;1
412194009000301;1
409859009000101;1
410874009000701;1
397328009002701;1
405348009001301;1
436070009000701;1
402057009000701;1
399866009002201;1
420066009000401;1
388183009001201;1
395030009001601;1
434831009000801;1
388096009002101;1
395373009001301;1
400741009001901;1
407417009000701;1
401273009001301;1
388471009000301;1
411898009001201;1
409646009000701;1
392996009002701;1
399797009000201;1
396097009000501;1
404587009000801;1
413513009000301;1
411521009000701;1
412368009002601;1
397304009000201;1
412711009000101;1
398448009000601;1
408716009001001;1
394845009000801;1
414340009002001;1
411450009001201;1
412844009000401;1
411664009000301;1
407176009000101;1
410943009000901;1
404691009000101;1
401929009002801;1
390507009000301;1
413956009000701;1
410495009001101;1
413403009001801;1
414698009000401;1
417306009000501;1
402597009000501;1
392266009000301;1
416735009001001;1
414061009000801;1
393079009001101;1
414059009002201;1
412918009002001;1
410338009000501;1
391981009000501;1
412056009001201;1
402944009000501;1
401929009000501;1
412491009000901;1
415021009000901;1
403992009000401;1
412829009000401;1
401831009000301;1
438928009000101;1
413477009000401;1
391591009000701;1
409566009000401;1
406930009001301;1
397098009001201;1
367540009000501;1
412429009002101;1
398760009000201;1
407794009001701;1
399400009000101;1
388471009000501;1
402381009001201;1
412458009001101;1
413567009000901;1
406920009000801;1
402611009000301;1
412841009000701;1
404667009000301;1
412275009000201;1
419864009000101;1
402865009001101;1
400515009001201;1
396377009000801;1
414209009001601;1
400767009000301;1
400643009001001;1
413560009001101;1
412837009000701;1
410812009000501;1
391975009000701;1
409662009001901;1
409544009000201;1
412396009000301;1
408599009000501;1
389438009001601;1
411898009000201;1
387841009000301;1
414603009002201;1
408540009001001;1
443194009000501;1
413980009000201;1
404515009000501;1
393653009000701;1
413474009000801;1
388471009000601;1
408815009000201;1
414511009001101;1
414315009000501;1
388089009002501;1
461010009000101;1
409931009000301;1
408273009002601;1
416458009001901;1
405781009000901;1
408017009001201;1
412838009000501;1
412022009000101;1
405373009000201;1
408916009000401;1
413754009001701;1
453655009000101;1
413971009000801;1
414752009000701;1
440843009001001;1
407858009002001;1
427584009003201;1
399847009001001;1
408306009000801;1
403918009000301;1
411848009000401;1
395796009000701;1
407993009000801;1
406930009000101;1
413530009000201;1
408032009001101;1
409146009001001;1
408830009000901;1
410113009000901;1
396313009001001;1
405375009000401;1
434560009000801;1
439723009001101;1
400659009000801;1
395438009000201;1
413930009001201;1
387316009001601;1
399648009001901;1
414913009000601;1
396673009000101;1
400767009001001;1
388680009001101;1
410762009000501;1
417317009000301;1
411108009000201;1
408141009000801;1
411245009001701;1
402593009000201;1
407153009001001;1
387879009001901;1
409832009001101;1
414493009001801;1
462586009000201;1
410960009002701;1
407044009001401;1
413489009001001;1
391463009001701;1
401214009001001;1
420485009000201;1
416859009000201;1
436619009000401;1
427444009000201;1
434624009001601;1
416479009001001;1
412158009000801;1
407880009001301;1
404658009002401;1
412564009003601;1
408625009002801;1
412564009003701;1
397912009002301;1
395838009000701;1
414164009000401;1
407076009000901;1
404163009001701;1
388241009000301;1
413755009000801;1
417166009003301;1
411134009000901;1
407806009000801;1
412301009001001;1
423046009000801;1
394774009001201;1
399338009001901;1
413613009001601;1
434289009001801;1
415500009001101;1
400930009001901;1
414637009002701;1
392942009000601;1
400963009000401;1
410519009000601;1
402057009002101;1
402593009001701;1
420482009002001;1
414773009000801;1
407165009001401;1
394454009002401;1
410972009001401;1
464020009000101;1
400450009001401;1
420151009000501;1
407872009000701;1
402620009002501;1
412162009001201;1
407872009000901;1
402610009001601;1
400841009006901;1
431629009000501;1
403661009001001;1
402834009000601;1
407915009001301;1
410647009003801;1
414476009002501;1
399881009001301;1
413436009001201;1
444803009002101;1
404541009001401;1
403765009001401;1
402620009002301;1
395796009001101;1
409069009002501;1
394121009001401;1
412564009002601;1
407878009000601;1
404506009000701;1
436735009001201;1
414493009001901;1
412366009001501;1
420188009000801;1
407905009000901;1
407880009001101;1
410903009001301;1
409884009001801;1
414239009001601;1
420482009001301;1
435827009000301;1
407918009000601;1
388667009001101;1
404705009001301;1
400867009001001;1
411161009000701;1
414360009001001;1
413709009001501;1
411424009001801;1
408901009001501;1
412023009002201;1
414990009002501;1
410906009001201;1
394093009000201;1
398831009003601;1
439723009001601;1
407899009000601;1
423048009000501;1
408159009000901;1
407881009001201;1
408154009000901;1
413609009000601;1
443190009001401;1
412418009000801;1
412362009000601;1
408965009001401;1
408273009001201;1
435263009001701;1
399945009001101;1
403661009000801;1
409521009002101;1
407282009001201;1
413615009001001;1
400841009006601;1
404191009002001;1
395340009003301;1
412028009001101;1
411898009003101;1
401214009000801;1
399945009001901;1
407806009000701;1
436619009000501;1
405370009001001;1
409282009001001;1
412941009002901;1
407899009000901;1
406930009001101;1
412626009000501;1
406529009001401;1
429960009001001;1
407916009000701;1
410478009002601;1
387277009001301;1
420485009002601;1
416859009000301;1
408656009001001;1
416859009000401;1
407901009001201;1
396263009001201;1
460316009000101;1
410289009001001;1
409016009001401;1
402625009001301;1
435944009001301;1
435969009001001;1
420151009000401;1
391975009002001;1
383168009002501;1
412363009000601;1
388980009000401;1
419091009001901;1
406410009002001;1
400963009000101;1
411664009002201;1
407557009001901;1
417447009000901;1
407918009000901;1
395238009002001;1
412980009002201;1
397103009002001;1
443997009001001;1
415971009001601;1
399970009001201;1
407829009000901;1
428871009001901;1
398081009003101;1
407144009001201;1
407168009002901;1
410157009001201;1
407046009000901;1
413301009001401;1
401321009001801;1
400114009003901;1
407906009000901;1
433565009000801;1
408141009001601;1
322821009000901;1
413993009000901;1
414603009003001;1
410955009002301;1
409016009001201;1
400193009001901;1
393864009001001;1
443191009000601;1
400450009001301;1
415053009001301;1
383168009003101;1
410245009000701;1
394454009002001;1
412393009002201;1
408659009001401;1
406283009001901;1
411621009001701;1
431629009000401;1
407661009000501;1
410953009001701;1
398585009001901;1
404559009001501;1
400432009001401;1
395438009001801;1
400031009001201;1
409832009001001;1
394093009000101;1
402829009002601;1
414294009000901;1
414773009000601;1
407544009001501;1
409444009002001;1
391525009002701;1
387239009001401;1
404937009000301;1
394454009002101;1
387228009001901;1
415053009001401;1
409030009002701;1
411199009002001;1
409992009002001;1
412290009000401;1
443191009000101;1
407860009000401;1
404096009000801;1
410565009000401;1
409824009001001;1
408733009001001;1
399924009002401;1
407923009001101;1
411959009001901;1
414698009001701;1
389408009000801;1
400432009002301;1
399921009002301;1
460760009000101;1
414096009001101;1
413969009000701;1
419938009000401;1
414691009002001;1
417086009001501;1
412918009002101;1
400344009002201;1
417447009000801;1
397139009002601;1
402831009001401;1
404607009001901;1
405259009000701;1
400999009000201;1
408975009001201;1
407807009004801;1
429588009001801;1
410495009000901;1
411542009001701;1
434291009001101;1
404167009001201;1
401134009002301;1
386910009002601;1
409300009001401;1
435944009000301;1
411424009001701;1
412768009001001;1
407865009001101;1
466135009000101;1
388300009001001;1
406410009002201;1
430457009001401;1
401273009000901;1
407858009000701;1
407898009000701;1
463585009000101;1
464065009000201;1
408334009000501;1
414974009001301;1
400680009001201;1
398794009000201;1
410458009002101;1
410829009001501;1
387204009001701;1
409339009001001;1
402271009001801;1
411621009001501;1
409339009001601;1
414867009001801;1
423052009001401;1
412842009001201;1
407880009001201;1
436735009000201;1
407905009000601;1
400841009002601;1
398794009000301;1
408714009001101;1
414385009001201;1
407866009001301;1
399864009001201;1
391987009000801;1
399970009001701;1
407899009000701;1
413403009001301;1
406509009000501;1
412396009000701;1
413350009001301;1
386902009000901;1
436619009000301;1
405691009001201;1
413755009002101;1
405946009001201;1
423048009000601;1
410524009002301;1
423076009000701;1
407860009000701;1
406299009002801;1
412842009003201;1
414153009001601;1
412366009001401;1
410630009001301;1
436070009000501;1
407911009001201;1
399871009001101;1
411246009002601;1
413231009002001;1
415371009001401;1
409383009001001;1
398860009002201;1
412179009001101;1
393724009002101;1
408424009000401;1
413915009002001;1
411857009001401;1
396269009002501;1
458902009000401;1
408334009000401;1
407878009000701;1
409383009000901;1
416479009001401;1
410507009000801;1
402832009000901;1
402460009001201;1
397677009003601;1
414493009001301;1
399847009001501;1
395877009001501;1
395877009001401;1
409383009001101;1
407661009000701;1
441402009000201;1
413492009000401;1
414603009002501;1
410943009001301;1
417333009000601;1
435944009001201;1
443190009001101;1
412341009000701;1
400193009002001;1
400930009002001;1
409207009000901;1
415371009001201;1
404163009001601;1
435969009000201;1
404541009001001;1
412829009000901;1
405244009000901;1
400719009002101;1
408336009000801;1
399828009002301;1
412842009003001;1
407168009001001;1
414319009000901;1
414974009001401;1
431621009000701;1
413635009001701;1
435944009000401;1
414153009001501;1
410245009002201;1
423046009001001;1
411134009003501;1
409813009001601;1
414248009002201;1
394895009001201;1
443191009000201;1
412420009003701;1
409963009001901;1
413366009000501;1
409931009001501;1
407905009000701;1
403889009002801;1
408714009000901;1
399938009001401;1
402883009002801;1
414493009002701;1
415083009001901;1
420482009002301;1
399864009001401;1
387277009001201;1
436735009001101;1
407879009001101;1
423076009000801;1
414929009001501;1
387552009001301;1
436735009000401;1
399885009000801;1
436619009000601;1
410657009000701;1
412301009001101;1
415022009001801;1
394117009001101;1
407866009001101;1
386902009000801;1
414754009005101;1
404759009001501;1
408956009002101;1
416342009000801;1
411108009000601;1
419113009001301;1
408699009001501;1
457590009000301;1
407100009001701;1
388241009002801;1
404429009001301;1
401134009002401;1
413915009001201;1
394774009001601;1
395012009001801;1
402834009000501;1
412822009001601;1
419144009001801;1
411987009001201;1
461327009000101;1
461270009000101;1
409280009001601;1
420485009000901;1
407867009001201;1
411708009001501;1
398388009001301;1
364772009001701;1
400187009001101;1
394728009003001;1
400680009001101;1
393805009002501;1
414913009002601;1
434163009000101;1
443190009001201;1
409515009000501;1
409522009001501;1
431629009000301;1
406283009002201;1
407915009001101;1
428986009000601;1
406930009001701;1
400031009001401;1
410554009001801;1
434848009001301;1
407860009000301;1
420160009000601;1
420482009002501;1
412186009002101;1
402593009001001;1
400144009001201;1
414239009001501;1
408867009003001;1
414282009000701;1
412179009001001;1
406283009002501;1
409532009000901;1
400964009000101;1
404096009001601;1
407008009001501;1
407952009002301;1
411621009001801;1
406300009001601;1
396248009001501;1
465594009000101;1
410955009002601;1
408498009000801;1
409444009001901;1
409481009001701;1
420482009000701;1
468879009000101;1
397284009002001;1
399938009001601;1
399847009001301;1
443191009000901;1
407076009000801;1
405997009001301;1
409030009002501;1
459187009000101;1
407898009000601;1
413992009001201;1
404937009000201;1
409992009000901;1
409283009000801;1
407878009000901;1
414204009001501;1
411243009001401;1
386916009001701;1
400643009002001;1
404658009002301;1
419091009001401;1
389866009001201;1
411452009001101;1
436735009000301;1
409634009001201;1
411621009001601;1
409669009001001;1
419108009002101;1
413824009001601;1
412102009001301;1
410113009001801;1
412393009002301;1
412711009001701;1
409800009001001;1
414637009002401;1
407898009000901;1
410955009003301;1
416859009000501;1
414340009001801;1
406509009000701;1
411542009001401;1
412564009002401;1
410812009001901;1
405946009001301;1
405691009001401;1
411724009000801;1
414867009001001;1
423052009001301;1
407866009001201;1
409880009001001;1
407829009000601;1
395796009001001;1
401134009001401;1
387277009001401;1
404433009002301;1
409280009001501;1
414239009001901;1
403661009000701;1
399962009001601;1
413301009002001;1
395340009003501;1
420147009001301;1
408699009000901;1
399919009001301;1
413709009001301;1
443190009000901;1
417333009000701;1
400344009001501;1
402600009001301;1
416859009001201;1
420482009001001;1
413123009001301;1
401831009001101;1
387228009000301;1
402620009002201;1
400961009002001;1
443997009000201;1
403563009002701;1
441402009000301;1
462307009000101;1
410314009001601;1
399850009001701;1
403889009003301;1
400961009001201;1
412102009000601;1
443190009001001;1
413993009000801;1
391525009002601;1
409884009002301;1
410545009000601;1
405376009000901;1
408699009000701;1
436070009000601;1
399970009002401;1
413492009000601;1
400606009000101;1
404225009001601;1
412941009001501;1
401321009001701;1
417447009002301;1
409300009001301;1
406300009001801;1
411959009001801;1
402748009001401;1
415074009001201;1
414728009001401;1
410972009001001;1
435834009000401;1
416859009000101;1
410565009000301;1
407858009000801;1
409172009002001;1
407165009000901;1
411267009001601;1
443191009000501;1
413436009001601;1
409283009000901;1
407916009000901;1
405950009001801;1
411621009001201;1
388300009002301;1
400841009001601;1
419983009000801;1
420160009001301;1
420485009001701;1
412626009000601;1
407872009000601;1
407915009001201;1
407906009000601;1
435944009000201;1
410545009000901;1
407165009001501;1
407829009000701;1
400863009001601;1
409987009001601;1
414884009003201;1
412396009000901;1
404096009001001;1
393805009002401;1
410814009000901;1
400841009002501;1
412367009000901;1
412842009002901;1
402829009002701;1
414693009000701;1
413567009000201;1
409172009002201;1
391525009002801;1
412432009000901;1
395363009004801;1
407076009000701;1
414754009005001;1
411600009001801;1
414974009001101;1
414913009002501;1
414239009001301;1
409880009001301;1
406124009001701;1
410647009004201;1
408625009001501;1
407491009001501;1
407906009000701;1
405376009001001;1
407918009000701;1
413755009000701;1
410647009004001;1
419102009001101;1
404506009001701;1
395833009002001;1
410245009001901;1
408901009001701;1
399866009001801;1
388008009001601;1
403861009001601;1
412303009003001;1
393805009001201;1
466135009000201;1
399864009001001;1
409634009000701;1
410561009002101;1
414118009001601;1
410955009001301;1
388008009001701;1
404225009002301;1
409552009001301;1
391975009002101;1
414923009000901;1
414019009001801;1
408606009001401;1
373604009003501;1
409813009001301;1
386995009001401;1
412028009000801;1
414194009003101;1
414304009002201;1
407490009001202;1
409005009001401;1
409863009001601;1
407706009000401;1
411621009001401;1
406236009002301;1
406254009001301;1
415755009001901;1
410906009001101;1
414637009002501;1
420482009002201;1
400031009001101;1
404041009002201;1
412321009001401;1
411452009001801;1
400219009005901;1
414360009001101;1
392019009000901;1
397677009001501;1
413509009001401;1
457760009000101;1
412768009001701;1
391591009001001;1
411600009000101;1
393793009001001;1
409069009001501;1
410955009002701;1
398688009000701;1
420160009001001;1
399812009001201;1
407787009002301;1
413350009001201;1
411426009000801;1
393797009000501;1
434170009001001;1
415719009000901;1
402695009001101;1
407168009001101;1
387879009001701;1
414861009002001;1
401689009000801;1
396040009002201;1
413436009001501;1
414361009001801;1
420485009000101;1
395722009000901;1
408815009001601;1
400450009001201;1
465969009000101;1
429234009000301;1
410657009000601;1
400999009000401;1
402403009001201;1
410157009000801;1
400387009002301;1
412768009001801;1
401214009000901;1
414059009003101;1
420482009004701;1
400719009002201;1
412186009002201;1
412918009002301;1
412907009001401;1
435827009000401;1
406498009000301;1
420188009001401;1
427471009001401;1
400505009001801;1
407835009001401;1
399828009002201;1
410872009001401;1
400961009002301;1
416088009001101;1
406511009000601;1
403753009002001;1
410010009000901;1
410877009002001;1
435969009000301;1
414822009002101;1
412368009001701;1
420485009000801;1
437134009000501;1
400606009000201;1
415808009001601;1
404149009002901;1
414361009001701;1
402600009001601;1
387277009001501;1
405946009001101;1
409992009001901;1
408090009001401;1
413509009001301;1
373604009003601;1
402695009001501;1
400606009000301;1
436619009000201;1
395238009001901;1
388471009002101;1
419108009001601;1
398794009000101;1
396506009002101;1
414194009001201;1
411125009001201;1
399812009001401;1
364772009001501;1
417166009002101;1
412186009003301;1
407659009001001;1
415557009002101;1
400432009001601;1
404691009000201;1
413969009000501;1
394102009002101;1
394102009002201;1
389133009001601;1
386890009001401;1
412290009000301;1
386916009001401;1
413123009001101;1
414884009003101;1
414822009001301;1
409678009001401;1
412338009000901;1
412223009001101;1
423040009000901;1
395838009000801;1
443194009001301;1
414746009001601;1
393856009005201;1
409522009001201;1
419964009000901;1
402877009001001;1
470212009000101;1
411243009001301;1
410885009001601;1
419953009000201;1
411889009001601;1
383168009002901;1
414975009002101;1
391525009002901;1
410565009000201;1
400070009002401;1
412382009002001;1
407930009001001;1
411452009001001;1
413999009001601;1
406410009002101;1
395238009001801;1
410906009001001;1
413123009001001;1
390757009002401;1
400749009000801;1
420188009001301;1
397501009002001;1
393797009001001;1
417317009000801;1
400219009005701;1
420485009001401;1
387879009001101;1
399846009000401;1
410565009000601;1
402832009001401;1
413956009001001;1
386916009001301;1
406283009001801;1
437213009001001;1
429588009000301;1
411987009000901;1
414189009001401;1
411725009001401;1
407544009001401;1
465970009000101;1
407356009000801;1
410561009002201;1
408159009001001;1
411111009000501;1
406514009000201;1
409557009000901;1
437058009000401;1
408038009000101;1
407607009000501;1
398860009001201;1
412363009000501;1
409751009001401;1
412493009000801;1
407848009000501;1
414340009003201;1
410561009002301;1
399812009001301;1
413754009001501;1
409863009001701;1
408737009000301;1
398170009001901;1
420151009000101;1
435944009001101;1
412342009000601;1
404307009000301;1
394827009000701;1
411199009001601;1
414822009001401;1
400612009001301;1
415808009001701;1
412493009000901;1
413301009002101;1
394827009002001;1
412186009003201;1
399279009001001;1
413992009001101;1
412362009000701;1
415083009001701;1
394728009002401;1
412382009001001;1
403753009002501;1
400387009001101;1
465910009000101;1
388300009002201;1
402695009001001;1
400612009001201;1
413436009001001;1
404453009001401;1
410157009000901;1
413317009002401;1
386773009003801;1
407033009000901;1
404072009001201;1
414728009002001;1
404705009001101;1
404565009001001;1
420485009002301;1
423686009001701;1
457760009000102;1
400187009001301;1
402832009001001;1
408054009000701;1
402831009001501;1
408628009001701;1
436070009000401;1
403818009004601;1
408699009000801;1
409931009001701;1
409156009001101;1
409751009001501;1
412840009000801;1
412340009001401;1
409638009001901;1
414179009001301;1
399871009001001;1
416088009001001;1
406510009000601;1
410893009001401;1
400344009001301;1
420151009000301;1
410630009001401;1
412334009000901;1
399962009001201;1
423301009001401;1
416088009001201;1
388979009001801;1
414884009003001;1
407557009001801;1
417470009001101;1
420482009001201;1
414360009001201;1
408714009001001;1
404662009000701;1
400187009001201;1
416910009000101;1
407807009002501;1
408053009000901;1
414929009001401;1
386773009003401;1
411246009002801;1
364772009001601;1
412564009002501;1
408053009001001;1
411135009001101;1
408038009001801;1
420482009000901;1
402832009000601;1
412840009000901;1
398546009000601;1
410872009001301;1
456666009000101;1
414340009003301;1
394454009000601;1
436735009001001;1
406930009000701;1
412827009001001;1
454587009000101;1
413567009000101;1
399261009000601;1
398585009001701;1
412417009001201;1
410245009001801;1
399941009001601;1
412303009002801;1
408956009001901;1
413854009000501;1
410808009001301;1
409906009002601;1
407787009002201;1
401786009001501;1
420482009001801;1
411135009001001;1
402593009000901;1
407490009001201;1
420160009000201;1
407165009000701;1
393791009000701;1
393793009000501;1
396248009002001;1
413999009001401;1
435969009000901;1
420482009000401;1
393856009002901;1
399945009001801;1
403861009001701;1
399438009005501;1
402832009001301;1
393795009000701;1
420482009004801;1
391432009002201;1
404217009002001;1
414340009003501;1
390594009000901;1
411889009001701;1
410472009001401;1
406300009003501;1
399886009000301;1
400219009005601;1
409988009000401;1
466667009000201;1
411761009000401;1
413615009000901;1
409675009000801;1
404072009001101;1
408867009003201;1
407952009001801;1
420157009000201;1
399656009002101;1
414340009001601;1
434353009001001;1
407902009000701;1
409300009001201;1
401214009001201;1
399962009001501;1
410289009000901;1
437213009001101;1
416735009002301;1
412068009000901;1
404307009001901;1
404225009002601;1
414385009000901;1
412768009002001;1
404217009002101;1
398170009002201;1
412223009001201;1
423046009000901;1
402601009001501;1
414806009001001;1
402703009002201;1
410234009001101;1
435834009000501;1
399938009001301;1
408659009001701;1
404225009001101;1
414603009002301;1
407117009001601;1
413733009000901;1
409016009001301;1
409678009001501;1
443194009001001;1
399847009001401;1
412493009001101;1
419042009001101;1
387940009001901;1
400505009001901;1
395806009001001;1
410877009000901;1
406124009000701;1
393795009000601;1
404225009002401;1
399919009001201;1
409005009001501;1
413613009001501;1
397139009002201;1
417166009001901;1
414476009002401;1
439688009002101;1
407040009001601;1
400643009001901;1
411452009001901;1
399941009002101;1
467985009000101;1
400680009002001;1
409626009001701;1
393791009000601;1
409833009000801;1
402600009001501;1
420188009001201;1
411987009000701;1
409884009001701;1
406058009001901;1
410478009002701;1
392957009000101;1
415762009000901;1
394728009002501;1
398555009001801;2
401378009001801;2
424494009000201;2
399299009002701;2
403808009001601;2
403808009000701;2
424464009002501;2
403808009001501;2
393487009002701;2
387038009000501;2
387552009004801;2
404023009001501;2
406905009004101;2
398744009001801;2
399299009003501;2
383168009001301;2
398555009001301;2
424494009000101;2
398744009002301;2
399299009002801;2
406905009004601;2
393487009003201;2
407924009001601;2
389140009003901;2
383168009001201;2
406905009005101;2
387552009004701;2
389140009002401;2
399330009000901;2
399664009000601;2
399299009004001;2
401378009001901;2
389140009004001;2
389140009003201;2
395114009004601;2
395114009004101;2
389140009003101;2
399330009000201;2
404023009001401;2
387552009005601;2
403808009000801;2
389140009002301;2
424464009002601;2
407924009001101;2
387552009005701;2
406905009005601;2
399413009001601;2
403889009001101;2
409156009002601;2
388300009001401;2
398409009001801;2
411245009002401;2
390899009005101;2
449379009001001;2
407801009000601;2
406283009000301;2
391975009002601;2
394845009005501;2
408273009000601;2
392942009001401;2
449379009000701;2
408625009003201;2
400564009001701;2
409283009001901;2
413317009003401;2
398555009001401;2
417166009001101;2
414773009001601;2
396101009001401;2
398585009000801;2
409149009007301;2
404308009001601;2
406905009005201;2
414163009002101;2
410630009001001;2
399330009001001;2
403808009001701;2
433234009002001;2
439688009001901;2
974331009002901;2
410943009001601;2
389140009002601;2
460588009000701;2
415779009002001;2
393487009003301;2
387038009001101;2
404607009005101;2
409149009006901;2
398170009001601;2
412458009002701;2
400494009001801;2
399299009003001;2
395780009003501;2
390677009002601;2
403808009001801;2
393856009001501;2
398744009001901;2
395114009004701;2
401378009002101;2
399299009004101;2
419113009000601;2
404023009001701;2
402877009002301;2
406932009000301;2
410621009003601;2
414153009000601;2
404607009005201;2
399331009001701;2
394454009001501;2
415074009000501;2
404023009001601;2
415074009001701;2
395373009001001;2
406905009004701;2
419864009003601;2
406905009004201;2
414164009001501;2
410113009002401;2
414118009002101;2
423301009002101;2
429588009001301;2
399846009002501;2
411931009002701;2
417447009001701;2
462770009000401;2
463303009000301;2
388110009001401;2
410561009000701;2
398831009001001;2
399299009002901;2
409149009007401;2
412711009002701;2
383168009001401;2
412573009002601;2
401689009001701;2
413324009000301;2
398406009001701;2
394860009000901;2
398744009002401;2
409800009002201;2
389908009000401;2
414754009003401;2
389140009003301;2
402829009001001;2
395685009000301;2
414496009000901;2
399679009001101;2
412338009001801;2
449379009000601;2
407096009000801;2
406905009005701;2
411930009001101;2
434291009005601;2
409634009002201;2
408529009002601;2
399413009001701;2
424464009002701;2
395782009002701;2
399330009000301;2
410814009002901;2
398688009001101;2
407356009001601;2
411478009001301;2
414224009003801;2
411255009002601;2
409149009007001;2
410812009003201;2
413830009002701;2
439723009000601;2
420104009000401;2
409172009000901;2
434291009005201;2
434291009005301;2
390899009004701;2
403808009000901;2
424464009002801;2
381102009000501;2
414754009002901;2
411849009000401;2
389140009004201;2
410621009003501;2
395114009004201;2
395782009001801;2
395833009002401;2
413679009002001;2
165077009000501;2
395780009003801;2
399867009002501;2
409801009000401;2
394845009005001;2
405702009001001;2
414806009000301;2
409890009001501;2
410973009001101;2
404947009000301;2
407491009005901;2
404041009005301;2
398555009001901;2
392350009000801;2
407848009003201;2
396281009004201;2
410750009001101;2
407462009000801;2
395833009002701;2
407913009001001;2
387038009000601;2
410859009001701;2
393856009002001;2
416479009003001;2
407659009001401;2
387552009005001;2
387940009002501;2
469092009000101;2
404191009002901;2
402403009002301;2
411600009002301;2
414806009001701;2
415083009000301;2
407924009001701;2
387552009005801;2
403808009001001;2
404607009005501;2
396896009001201;2
395780009003401;2
398130009001201;2
399299009003601;2
389140009004101;2
408333009002401;2
435950009000101;2
412444009001401;2
402460009001701;2
401378009002001;2
393487009002801;2
408931009000601;2
423686009001501;2
387552009004901;2
412918009003001;2
406356009001901;2
389140009003401;2
460588009000901;2
412094009000801;2
394283009001501;2
410769009001201;2
460662009000401;2
410859009002001;2
444020009000101;2
406465009001001;2
387999009003101;2
413755009002601;2
410969009000501;2
404041009005001;2
390899009004801;2
460588009000601;2
411006009000301;2
389140009002501;2
413317009003701;2
414867009003101;2
412444009001801;2
430457009002901;2
444803009002901;2
407924009001201;2
414248009000901;2
406383009003401;2
387864009001901;2
412368009002201;2
387552009005901;2
383168009001501;2
388232009000501;2
398831009001501;2
404041009004901;2
399664009000701;2
407176009002801;2
415083009000901;2
395782009002801;2
388096009000901;2
423301009002501;2
393653009001701;2
416933009002111;2
416933009002102;2
416933009002103;2
416933009002108;2
435387009000101;2
466423009000301;2
427572009000101;2
416933009002001;2
465386009001001;2
462724009000301;2
468833009000201;2
416933009002107;2
416933009002101;2
465670009000101;2
434039009000201;2
416933009002007;2
471543009000101;2
468833009000101;2
464188009000101;2
445842009000101;2
416933009002009;2
465178009000201;2
468417009000101;2
416933009002002;2
416933009002003;2
465906009000101;2
463090009000101;2
453796009000101;2
416933009002109;2
416933009002110;2
416933009002005;2
416933009002006;2
416933009002004;2
416933009002010;2
416933009002104;2
416933009002105;2
416933009002106;2
471748009000101;2
409149009007601;2
468399009000101;2
465794009000101;2
463158009000101;2
441818009000401;2
468799009000101;2
467248009000101;2
416933009002008;2
395373009002001;2
465675009000301;2
395806009002801;2
404099009000601;2
410468009004801;2
414183009000501;2
468713009000101;2
411872009003201;2
429012009001201;2
447125009001201;2
410439009000601;2
402625009000601;2
412578009000401;2
466119009000301;2
434848009000801;2
412082009000901;2
411791009000701;2
404052009000501;2
395833009000901;2
414248009003101;2
390677009001701;2
407917009001001;2
411245009001401;2
407806009001401;2
419091009000501;2
413930009000401;2
408046009000601;2
410594009000301;2
409863009000901;2
403867009000701;2
411010009000601;2
386773009002101;2
408699009000501;2
405997009000501;2
408629009001301;2
417166009000601;2
408822009001801;2
412768009000501;2
412028009000401;2
409566009001801;2
413509009000401;2
410973009000601;2
415056009000501;2
414809009000601;2
400867009002701;2
412405009000601;2
408844009000301;2
401128009001001;2
412209009001001;2
367540009002401;2
408059009000801;2
400187009000501;2
434362009000401;2
407497009001001;2
400331009000801;2
409963009000501;2
406356009001001;2
409981009000701;2
413271009000801;2
410763009000801;2
412469009000801;2
412086009001001;2
408972009001801;2
399845009001201;2
409906009003101;2
412056009001001;2
400114009006801;2
396101009001801;2
412346009000801;2
409494009000601;2
408010009001201;2
406139009000401;2
412022009000801;2
416083009001001;2
404499009000801;2
413896009004201;2
414118009000701;2
413393009000501;2
403944009000701;2
460425009000501;2
414728009003101;2
402624009002101;2
404111009000501;2
409437009002401;2
410769009000801;2
414304009000501;2
405259009002201;2
419078009000801;2
414947009000301;2
404183009000901;2
415971009002201;2
392350009003001;2
359603009000401;2
412825009004401;2
413361009001001;2
401720009000501;2
395238009000501;2
400432009000801;2
409114009000501;2
412941009003601;2
409366009000601;2
420055009000301;2
420188009000301;2
415004009000601;2
409156009002101;2
399847009000501;2
401679009000801;2
419112009000301;2
414164009001901;2
407610009000901;2
409986009002101;2
409962009000301;2
412023009001501;2
411976009001201;2
453364009000401;2
446830009000401;2
403799009000901;2
402831009000501;2
407008009000601;2
399647009000501;2
413647009000701;2
408529009000501;2
410495009002201;2
401645009001201;2
409764009003001;2
412366009000301;2
411194009000401;2
409125009000601;2
468910009000301;2
434170009000401;2
406099009000501;2
415022009000501;2
420104009001801;2
407858009000401;2
411708009000601;2
402825009000801;2
404163009000601;2
402912009001601;2
410955009003001;2
411199009001101;2
410319009000701;2
409146009000401;2
413561009000601;2
414822009000501;2
412458009000601;2
388479009002701;2
440948009001601;2
444401009000301;2
404670009000701;2
414224009000501;2
407906009002101;2
468192009000301;2
387679009000701;2
414990009000601;2
414861009000801;2
404354009000401;2
407803009000401;2
409801009002601;2
409669009000601;2
404254009000501;2
441913009000301;2
404515009001201;2
409549009001701;2
402748009000901;2
405642009001001;2
406225009000401;2
408031009000401;2
408659009000501;2
407991009000301;2
402403009000701;2
414493009000501;2
412573009000701;2
409398009000801;2
462351009000301;2
414913009000401;2
409541009000501;2
400459009000901;2
408109009000501;2
416848009000801;2
412223009001001;2
410874009001101;2
412393009000601;2
412382009003301;2
414163009001801;2
409878009001001;2
410458009000701;2
431629009001501;2
413581009000401;2
402733009002501;2
434560009000401;2
404206009000701;2
411452009000601;2
423052009000701;2
414727009000501;2
402703009000601;2
414343009000601;2
409634009000401;2
410943009000701;2
406369009000501;2
449831009000301;2
412401009000401;2
410575009000801;2
410872009000401;2
402610009000501;2
417459009002901;2
414975009000401;2
407200009000601;2
416620009000801;2
413893009000601;2
399846009001901;2
408815009000501;2
419170009000401;2
412257009001401;2
397113009001301;2
410726009001101;2
412491009000501;2
417306009000301;2
409552009000601;2
414885009001301;2
408017009000801;2
407557009002701;2
411102009000501;2
412340009000401;2
402620009000401;2
408975009000501;2
369453009001801;2
413854009000801;2
414760009000401;2
412841009000601;2
404142009000701;2
399812009000401;2
400659009000401;2
410478009000601;2
410885009000801;2
412980009000601;2
407044009000401;2
415088009000401;2
392266009001801;2
466293009000301;2
395525009003901;2
409222009001101;2
410507009001501;2
414019009000701;2
414691009000401;2
440891009000301;2
414893009000401;2
429960009000501;2
440843009000501;2
322821009001301;2
417447009003901;2
396377009000601;2
408716009000501;2
414321009001101;2
406465009000701;2
414239009000601;2
411859009002201;2
399945009003101;2
408703009001101;2
416088009000401;2
414752009000501;2
409824009000601;2
402608009000401;2
412420009004301;2
408537009001001;2
410288009000601;2
390027009000701;2
402682009000401;2
402611009000601;2
399926009001001;2
409884009003201;2
407835009000401;2
414059009001901;2
419144009000601;2
400387009003701;2
401428009001501;2
413980009001101;2
414729009000401;2
412429009002001;2
409675009000601;2
414603009000301;2
415534009001501;2
402889009000401;2
414929009000701;2
409679009000401;2
406124009000401;2
404191009000701;2
404658009000401;2
409254009000301;2
402865009000401;2
404759009000601;2
407850009001001;2
397745009000401;2
399938009000601;2
410590009000901;2
409992009000501;2
410472009000801;2
410829009000501;2
387183009000601;2
386906009001501;2
420066009001701;2
395719009000601;2
407794009002501;2
410524009003101;2
399825009000701;2
413834009001801;2
411724009002301;2
415500009001701;2
400407009000501;2
409831009000401;2
415719009001701;2
440051009000401;2
396068009000601;2
390021009000501;2
413403009002601;2
410519009001701;2
412746009000301;2
400643009000701;2
409172009000501;2
408804009000701;2
404533009001101;2
410460009001301;2
408159009001601;2
427471009000401;2
427983009001001;2
407040009001101;2
412313009000801;2
423686009001101;2
409626009000301;2
402601009000401;2
413992009000701;2
407964009000701;2
390020009000501;2
441323009000301;2
415779009000301;2
404547009000601;2
409495009001901;2
415087009000301;2
402829009000701;2
432472009000401;2
411889009000401;2
383283009000901;2
408867009000401;2
411118009001401;2
413994009000601;2
412711009000401;2
440117009000401;2
406994009002601;2
412303009000501;2
410812009000301;2
411530009000601;2
412037009001201;2
407672009001301;2
410893009001101;2
444372009000301;2
411424009000701;2
409521009000301;2
412396009001501;2
400494009001501;2
412098009000801;2
408913009000401;2
413261009001301;2
400606009001301;2
411541009000401;2
410001009000501;2
414360009000801;2
406271009000601;2
397912009001401;2
409469009000701;2
399864009002401;2
411027009000901;2
409662009000601;2
414306009000501;2
411602009000401;2
411134009000501;2
409544009002501;2
409283009000601;2
413346009001601;2
413364009000601;2
387879009002301;2
411192009001201;2
404149009000401;2
412150009000501;2
399930009000501;2
434289009001401;2
412444009000301;2
464379009000301;2
409953009000501;2
403837009000301;2
460163009000301;2
413176009002801;2
400841009000601;2
410859009000701;2
408955009000501;2
409335009002301;2
407807009000501;2
412838009001201;2
412363009001401;2
404225009000301;2
399941009001001;2
414511009000401;2
463828009000301;2
400889009001701;2
394084009000801;2
401776009000501;2
407830009003601;2
413830009000301;2
404115009000701;2
423040009000401;2
390599009000401;2
461280009000101;2
464213009000101;2
395012009001701;2
404099009000501;2
414183009000601;2
408569009001101;2
395012009001101;2
413403009002501;2
414360009000701;2
414343009000501;2
463796009000201;2
410341009004101;2
409222009001201;2
410341009000601;2
413842009000801;2
450707009000301;2
405781009000401;2
433193009001301;2
404217009000201;2
409781009000701;2
411898009003201;2
396055009005101;2
409560009000801;2
395012009000601;2
409582009000701;2
395163009002701;2
395685009000601;2
393022009001201;2
408053009000401;2
410113009001601;2
409764009000701;2
399299009004501;2
404052009000601;2
422460009004001;2
410590009001001;2
465461009001801;2
465772009000601;2
469178009000101;2
442338009000101;2
464035009000101;2
413176009002701;2
449359009000701;2
440948009001501;2
461452009002201;2
464036009000101;2
423844009004201;2
423844009002601;2
410341009009901;2
410341009000801;2
441728009000101;2
404429009001801;2
407610009001001;2
410885009000901;2
404254009001801;2
408822009001701;2
413992009000801;2
442998009000101;2
404499009001601;2
441396009000101;2
409551009000401;2
409677009002101;2
405814009001601;2
413513009001901;2
416854009000201;2
433972009000301;2
449359009001101;2
409582009001701;2
410472009000701;2
404562009001101;2
404662009000801;2
462765009001501;2
401824009000501;2
426352009001101;2
391463009006001;2
406490009001801;2
434039009000101;2
396296009000401;2
420188009001501;2
461452009001801;2
406225009000301;2
409953009000401;2
408569009001001;2
410859009000601;2
408569009000801;2
460535009000101;2
412086009000901;2
410616009000201;2
434348009000501;2
460163009000201;2
461151009000201;2
413271009000701;2
464598009000101;2
465461009001201;2
409582009001601;2
397677009000401;2
464305009000101;2
416735009000801;2
388995009002201;2
450089009000201;2
419497009002201;2
465825009000101;2
423844009003201;2
410341009011901;2
407077009000301;2
399825009000801;2
403867009000801;2
411452009000501;2
406490009002101;2
404191009000601;2
417459009001901;2
387879009002201;2
412401009000501;2
464213009000301;2
413854009000901;2
461285009000101;2
410763009000701;2
399768009000501;2
414893009000301;2
397326009000401;2
412702009002401;2
391630009000301;2
413367009000601;2
412420009002801;2
410630009001801;2
407565009000401;2
412949009000301;2
440849009001101;2
387757009000201;2
395012009000201;2
399679009000701;2
465461009000201;2
464928009000401;2
410874009001001;2
394860009001701;2
463969009000101;2
417447009001901;2
423844009002701;2
461519009000101;2
442745009000501;2
464606009000101;2
407023009002001;2
413602009001701;2
414177009002801;2
414754009003701;2
433193009003401;2
404607009000401;2
430208009000601;2
419864009000301;2
462610009000101;2
393724009000201;2
405841009000301;2
413896009004101;2
444372009000201;2
360090009001701;2
412098009000701;2
409582009000801;2
408569009000901;2
465117009000101;2
396101009001701;2
411724009002401;2
412493009000301;2
468211009000101;2
431501009000101;2
439452009000201;2
461909009000201;2
411999009003201;2
399647009000401;2
468814009000101;2
396101009001101;2
410874009001201;2
415056009000601;2
406254009001901;2
410341009003101;2
406490009001301;2
402865009000501;2
400407009000401;2
440361009002901;2
465606009000101;2
391838009000501;2
409890009000301;2
404183009000801;2
405950009000901;2
411724009002201;2
369453009001701;2
407025009000301;2
466387009000101;2
393022009001601;2
407952009001701;2
400897009000401;2
461287009000301;2
423844009004101;2
414637009000601;2
395340009000201;2
408930009000201;2
404113009001201;2
323332009001301;2
400719009000701;2
462582009000101;2
440585009000101;2
409398009000701;2
410812009000201;2
468534009000101;2
409437009002301;2
413609009001601;2
411898009002401;2
400187009000401;2
364709009000601;2
388697009004101;2
419969009001601;2
404225009000201;2
402829009001601;2
395012009000801;2
441199009000101;2
460425009000801;2
443273009001401;2
461198009000101;2
411656009000501;2
412417009000401;2
462765009000901;2
464606009000201;2
464063009000101;2
462724009000601;2
465090009000101;2
469205009000101;2
460692009000101;2
439271009000101;2
460163009000501;2
383283009001001;2
395363009000901;2
465675009000401;2
429047009000101;2
465815009000101;2
400643009000801;2
463344009000101;2
406138009000901;2
409878009001301;2
387183009000501;2
434560009000501;2
406465009000601;2
403846009000301;2
409495009002001;2
423116009000201;2
406178009000201;2
413509009000301;2
412971009002301;2
407168009003601;2
388667009000401;2
409198009001401;2
415489009001601;2
462801009000101;2
462943009000101;2
410769009000901;2
410859009000801;2
460662009000901;2
405997009000401;2
464420009000101;2
469196009000101;2
461452009000101;2
439853009000101;2
438167009000202;2
465301009000201;2
465772009000501;2
396440009001801;2
410894009000201;2
465389009000201;2
465822009000201;2
399850009000401;2
404307009000701;2
388110009000801;2
400963009000601;2
460662009001801;2
467290009000201;2
462765009000601;2
464659009000101;2
460562009000201;2
407806009001301;2
416859009001601;2
412989009000201;2
409582009000501;2
401128009001101;2
469485009000101;2
461452009000201;2
461516009000101;2
414340009001101;2
469542009000101;2
465581009000101;2
406932009001101;2
458013009000101;2
394283009000301;2
411199009001201;2
420055009000201;2
409468009000701;2
400459009000801;2
407847009001401;2
412626009000801;2
400953009001201;2
413893009000701;2
393653009002701;2
402611009000501;2
412223009001901;2
415022009000401;2
411708009000701;2
466698009000101;2
461625009000201;2
412082009000601;2
433972009001401;2
397754009001001;2
410341009010001;2
410341009006501;2
412941009002401;2
465457009000101;2
469053009000101;2
462351009000501;2
462671009000101;2
419497009000601;2
415719009000301;2
406927009004601;2
410478009000301;2
413994009000501;2
412838009001301;2
410507009001601;2
423686009001201;2
399845009001101;2
402608009000301;2
410519009001801;2
407388009000201;2
392037009003801;2
439066009000301;2
413517009001101;2
407462009001601;2
441461009000201;2
412405009000701;2
397912009001301;2
464359009000101;2
393724009002501;2
411999009002701;2
462765009001302;2
412949009000101;2
463830009000601;2
469592009000101;2
400114009003601;2
464564009000201;2
462584009000201;2
465461009003001;2
455174009000101;2
399921009000801;2
449359009000901;2
411602009000301;2
463154009000501;2
400953009001001;2
465681009000101;2
410575009002201;2
423844009005601;2
414164009001401;2
413561009000701;2
462516009000201;2
463778009000101;2
398448009003901;2
460617009000101;2
407993009001801;2
447050009000201;2
399338009000401;2
399847009000401;2
409863009000801;2
412429009001901;2
446830009000301;2
411530009000501;2
463887009000101;2
465772009000401;2
466832009000101;2
465461009002301;2
402057009000301;2
409172009000401;2
410316009001201;2
411010009000701;2
404115009000601;2
403799009000801;2
395012009001201;2
395525009003801;2
407924009000401;2
409677009005901;2
407565009005501;2
410341009005701;2
406271009000501;2
388697009000601;2
461287009000101;2
462765009000701;2
404023009000201;2
412980009002301;2
409016009001701;2
408899009001301;2
425709009000301;2
408815009002901;2
427502009000101;2
441461009000102;2
433193009000901;2
415489009001401;2
465386009000201;2
465400009000101;2
412186009000301;2
429575009000201;2
419497009001901;2
387940009000601;2
407848009002601;2
460485009000101;2
461221009000101;2
469244009000101;2
415075009001601;2
464384009000201;2
409549009001601;2
415489009000501;2
466382009000201;2
410289009000501;2
403918009000701;2
409468009001001;2
412290009001501;2
402460009000501;2
413361009001201;2
409544009001901;2
407991009001101;2
408529009000401;2
395012009000501;2
463321009000101;2
444372009000401;2
399648009000401;2
410575009002001;2
398173009000301;2
405997009000601;2
461770009000101;2
411446009002601;2
401006009000201;2
439442009000201;2
465386009000901;2
465772009000201;2
407044009000801;2
461540009000101;2
360090009001601;2
409552009000701;2
435305009000201;2
414164009001801;2
441658009000201;2
409198009002101;2
409662009000501;2
409675009000501;2
412420009003401;2
404559009000401;2
409801009002901;2
461176009000101;2
401134009000201;2
415489009002001;2
462737009000101;2
416620009002501;2
400963009000301;2
390899009000301;2
423844009005301;2
409101009000601;2
462157009000101;2
412366009000401;2
410973009004101;2
401428009001601;2
443452009000101;2
409005009002101;2
408313009000601;2
414164009002001;2
413647009002501;2
465822009000501;2
404191009000801;2
412313009000501;2
400841009000701;2
443368009000101;2
468192009000401;2
406465009000401;2
388697009000501;2
461642009000201;2
409985009002201;2
435512009001201;2
408537009000901;2
425651009000101;2
440361009000801;2
440502009000101;2
415489009000201;2
412429009002201;2
443273009001101;2
462724009000501;2
390677009000501;2
407924009000101;2
463383009000101;2
465461009002201;2
399438009000601;2
382635009001701;2
413969009001301;2
411573009001801;2
396248009000501;2
465461009000601;2
415325009000401;2
438928009001001;2
400031009000201;2
434624009000901;2
388697009002401;2
469925009000101;2
470157009000101;2
408965009000601;2
428617009000201;2
415017009000701;2
408956009000601;2
419497009000501;2
411006009000701;2
399797009001501;2
392996009000201;2
413621009000301;2
400494009003201;2
410341009003501;2
410341009010801;2
410341009008101;2
410341009008301;2
442704009000101;2
423844009001801;2
415084009000801;2
401428009001401;2
404290009001501;2
414885009001201;2
387183009000701;2
409863009002801;2
392037009000301;2
402825009000701;2
417470009000201;2
412393009000701;2
419170009001301;2
409468009000401;2
465461009001001;2
409468009000301;2
410943009000301;2
409824009000701;2
413930009000301;2
409468009000501;2
411791009000601;2
410468009001201;2
449359009001301;2
415084009003101;2
462548009000301;2
446466009001301;2
423844009004301;2
408930009000101;2
410341009002701;2
446466009002301;2
410341009001801;2
400144009001401;2
411446009001001;2
463165009000101;2
400962009001401;2
409254009001601;2
413403009002701;2
431833009000101;2
396313009000701;2
463143009000201;2
432719009001501;2
411246009000401;2
409634009002101;2
413452009002201;2
406490009000601;2
404427009001301;2
398814009000301;2
440051009000301;2
396068009000501;2
416620009000901;2
419497009000801;2
430286009000201;2
413176009000501;2
429014009001101;2
415534009001601;2
460139009000101;2
412573009000901;2
415056009000401;2
419112009000201;2
395685009000501;2
433054009000201;2
466038009000101;2
401679009000901;2
429575009000401;2
408913009000501;2
408333009001701;2
409679009000301;2
400459009001001;2
409233009001401;2
402625009000501;2
401720009000601;2
414727009000601;2
399812009000301;2
414861009000701;2
395373009000701;2
402480009001101;2
427913009000201;2
440843009000401;2
413509009000501;2
440361009001101;2
463960009000101;2
407023009001601;2
444040009000101;2
407462009003001;2
411210009003001;2
413561009000501;2
451694009000101;2
461452009000401;2
413317009001101;2
391432009000601;2
387277009000401;2
389647009001801;2
413251009000301;2
408498009001701;2
401321009000701;2
381714009001001;2
407709009002201;2
409194009000401;2
408333009000701;2
412368009001001;2
428871009001301;2
411849009002101;2
461151009000101;2
463281009000101;2
410135009000501;2
412649009001601;2
414603009000401;2
465854009000202;2
389140009000901;2
441467009000101;2
465461009002101;2
446556009000201;2
423046009001501;2
444040009000201;2
394774009000501;2
410341009002901;2
410341009001601;2
410341009006101;2
461582009000101;2
410341009010101;2
410341009012801;2
410341009010601;2
410341009008001;2
410341009008901;2
426352009000701;2
411829009000401;2
407806009001501;2
465772009000301;2
460802009000201;2
409494009001801;2
407008009000701;2
405259009001901;2
449359009000401;2
454706009000201;2
463397009000101;2
447110009000601;2
383168009000401;2
413574009000601;2
419497009001701;2
462922009000201;2
463838009000101;2
465528009000101;2
408839009001801;2
397098009001001;2
405704009000501;2
413894009002701;2
413301009000201;2
394102009000201;2
416479009001801;2
395438009002301;2
398688009001401;2
397103009000901;2
399400009000701;2
411725009000501;2
412821009000201;2
467938009000101;2
404547009000701;2
414224009003201;2
392942009000301;2
260395009000901;2
387737009000501;2
437433009000101;2
466924009000101;2
447110009001701;2
411872009001001;2
459024009000101;2
414603009000201;2
409582009001401;2
415489009003501;2
426352009000901;2
391525009000201;2
447110009000801;2
410341009007401;2
410341009008501;2
399768009002901;2
441443009000101;2
426490009000201;2
412837009003401;2
405348009002801;2
464238009000201;2
410341009005501;2
457697009000101;2
435386009000101;2
410341009002401;2
463036009000202;2
409335009002501;2
423301009002001;2
411199009001001;2
409566009002201;2
394679009001401;2
401125009000201;2
404433009002101;2
392266009001701;2
410812009000401;2
408822009001901;2
412827009000301;2
410726009001601;2
407850009000901;2
414343009000701;2
409634009000501;2
407906009002001;2
400659009000301;2
415779009000201;2
409824009000501;2
411859009001001;2
461452009001101;2
408659009000401;2
463724009000101;2
399846009001801;2
413980009001001;2
400680009003001;2
427983009000901;2
400889009000501;2
406283009002801;2
411246009001901;2
463778009000501;2
464606009000302;2
434560009000701;2
402877009000801;2
410953009000601;2
412941009001701;2
396413009005401;2
413462009000801;2
405376009001401;2
456237009000101;2
408815009000401;2
404547009000501;2
395377009001001;2
416458009001501;2
461529009000101;2
404072009000301;2
432719009001001;2
438167009000203;2
409677009000301;2
404023009002401;2
405373009000701;2
419938009001601;2
407913009000401;2
419497009002401;2
388232009000301;2
399625009000201;2
406384009001501;2
468987009000201;2
405376009000501;2
398922009001001;2
386773009002001;2
430208009000501;2
439271009000201;2
407924009000301;2
400841009000501;2
463155009000101;2
403818009000401;2
423052009000601;2
412303009002601;2
468897009000201;2
414861009000401;2
402829009000601;2
409494009000501;2
410519009001601;2
412838009001101;2
406124009002401;2
400659009000501;2
408867009000501;2
407858009000301;2
402889009000501;2
415088009000501;2
409156009002201;2
407803009000301;2
412458009000501;2
404658009000501;2
414975009000501;2
419078009000701;2
468954009000101;2
393022009002701;2
409745009000501;2
398170009000401;2
409880009000301;2
407582009000301;2
415907009000201;2
407930009004301;2
415762009000301;2
406551009000501;2
387859009001301;2
431778009000101;2
408568009000701;2
413855009000501;2
411437009001001;2
413462009000301;2
414343009000201;2
364772009001101;2
416342009000501;2
409308009000701;2
398406009000701;2
434170009000501;2
412209009000901;2
404163009000701;2
414248009003001;2
466478009000101;2
395012009000701;2
395525009003201;2
411573009002201;2
443273009000801;2
416620009001401;2
405476009001901;2
415129009000601;2
463969009000501;2
462935009000101;2
464384009000101;2
419091009000601;2
426654009000101;2
409677009002001;2
443273009000201;2
423844009002401;2
406369009000601;2
465301009000101;2
413754009001901;2
414729009000301;2
432719009001601;2
407787009000301;2
432719009000901;2
407991009000201;2
413317009003601;2
465461009000301;2
414744009000601;2
466223009000201;2
394454009000801;2
464086009000101;2
415084009000901;2
431097009000101;2
460662009001301;2
389438009000301;2
423844009006001;2
464613009000101;2
393813009000601;2
409811009001001;2
420053009000801;2
406038009000901;2
387239009000601;2
413733009000501;2
408899009001601;2
410316009000301;2
461641009000201;2
443249009000201;2
393653009002101;2
465414009000101;2
409308009001501;2
415489009001701;2
464069009000101;2
400387009003801;2
401645009001101;2
430802009000101;2
468349009000101;2
456447009000201;2
461452009001901;2
426490009000101;2
411246009001701;2
424375009000101;2
411010009000501;2
400606009001201;2
404225009000401;2
412841009001501;2
456978009000201;2
460668009000101;2
431027009000201;2
466313009000101;2
414607009000701;2
420880009001401;2
468192009000201;2
464606009000301;2
466727009000101;2
409628009002201;2
408705009000601;2
398126009000601;2
414239009000301;2
407040009001201;2
410575009000901;2
402611009000701;2
412768009000401;2
412578009000301;2
408502009000401;2
409582009002601;2
409582009000201;2
469206009000101;2
407906009002201;2
446643009000101;2
415054009000801;2
429012009000901;2
397284009002501;2
410341009002301;2
408540009001501;2
423844009006301;2
423844009000401;2
423844009005901;2
455174009000201;2
413301009002501;2
462357009000101;2
410341009000701;2
410341009001501;2
410341009012501;2
402608009000501;2
419964009000301;2
466639009000201;2
398132009001701;2
415808009000501;2
398860009000601;2
407176009000301;2
450707009000201;2
404183009001001;2
397304009000801;2
402744009000701;2
399651009000801;2
410456009000401;2
400638009000501;2
407995009002801;2
466743009000101;2
399411009000401;2
394862009000501;2
405691009003001;2
405702009001301;2
407356009000501;2
439217009000501;2
415489009002601;2
411620009000301;2
414167009000301;2
411452009000701;2
409582009000401;2
447110009001401;2
411100009000201;2
410955009003101;2
419497009000201;2
400963009000201;2
409149009000801;2
409582009002301;2
410439009000501;2
442745009000701;2
400612009000401;2
414496009000801;2
360090009001201;2
427913009001302;2
419497009002101;2
411245009001501;2
412396009001601;2
462765009000501;2
409582009001001;2
402621009000601;2
389647009001001;2
391981009001101;2
439066009000201;2
409582009000101;2
429012009001101;2
400606009001401;2
390507009000501;2
419144009000701;2
440891009000401;2
406927009000301;2
462446009000101;2
427914009000201;2
391432009003801;2
470222009000101;2
407807009002401;2
412578009000501;2
386902009002801;2
409582009001201;2
464761009000101;2
407023009000201;2
410341009001201;2
427913009001301;2
412840009000201;2
423844009000801;2
465461009002801;2
407008009000501;2
462801009000201;2
408599009001301;2
401273009000201;2
434362009000301;2
398272009000201;2
465772009001301;2
465826009000101;2
410341009004001;2
388659009000801;2
419111009000601;2
388471009001301;2
409544009001601;2
410001009000401;2
423844009003001;2
439066009000401;2
395345009002001;2
447587009000101;2
415087009000401;2
409552009000501;2
409662009000701;2
415779009000401;2
413176009003901;2
414752009000601;2
413992009000601;2
413261009001401;2
465461009002701;2
465386009000401;2
458088009000101;2
411450009001001;2
447110009000401;2
410859009001901;2
409444009001601;2
408625009000901;2
465420009000201;2
413971009000501;2
419497009002701;2
386902009000301;2
461378009000101;2
406920009001301;2
410314009001101;2
400741009001401;2
415755009000401;2
410524009000801;2
453364009000301;2
409393009000401;2
407318009000501;2
392939009000801;2
451504009000101;2
409859009000801;2
433151009000301;2
412082009000801;2
389866009001001;2
423052009000801;2
461653009000101;2
466754009000101;2
399439009002601;2
419497009002601;2
399647009000601;2
411573009001701;2
411747009002201;2
407794009002401;2
465461009001501;2
404565009002101;2
411102009000601;2
394675009000601;2
468897009000101;2
434333009000401;2
456520009000201;2
461452009000302;2
441675009000101;2
414239009000501;2
441675009000201;2
444793009000201;2
405814009001101;2
432472009000301;2
416917009000501;2
412420009004201;2
405841009000201;2
395806009002701;2
458666009000101;2
404533009001201;2
411192009001101;2
401929009000201;2
412980009000501;2
400331009000701;2
407794009000301;2
414693009000901;2
432125009000101;2
414913009000501;2
402733009001301;2
409366009000701;2
463818009000101;2
463726009000101;2
446356009000101;2
408154009001301;2
359603009000301;2
399945009003201;2
397985009000401;2
433151009000201;2
410943009000601;2
390594009001601;2
400867009002801;2
410341009011401;2
465452009000201;2
407153009000501;2
412345009001101;2
402476009000201;2
410769009000701;2
465562009000101;2
423844009005001;2
439301009000101;2
409931009000701;2
407672009001501;2
404156009003101;2
408273009000501;2
435250009000101;2
414691009000301;2
410893009001201;2
413299009000201;2
391987009003301;2
395373009001901;2
401679009000701;2
412405009000501;2
433151009000401;2
409356009005001;2
447125009001101;2
414196009000601;2
408716009000601;2
407803009001201;2
397154009000801;2
424809009000201;2
410647009000501;2
387679009000801;2
466030009000101;2
410341009010501;2
415075009002101;2
396875009000301;2
407011009000401;2
410341009005201;2
467438009000101;2
409468009001501;2
462765009001001;2
393746009002201;2
439682009000201;2
465711009000101;2
403889009000501;2
433193009003301;2
415021009000601;2
430457009003401;2
419497009002301;2
465772009000101;2
396279009000601;2
463816009000101;2
408955009000601;2
458661009000101;2
409987009002101;2
396506009001501;2
400953009002001;2
430068009000101;2
463845009000101;2
463754009000101;2
400114009000101;2
433151009000501;2
427913009000301;2
411600009002701;2
393798009000301;2
399930009000401;2
409764009003101;2
426352009001001;2
393864009000301;2
415489009000101;2
458410009000301;2
414489009000401;2
405946009002301;2
400684009001801;2
439853009000201;2
411542009000301;2
414809009000701;2
426188009000301;2
461452009002101;2
464563009000201;2
466030009000301;2
400351009002101;2
463145009000101;2
406132009000101;2
387999009000601;2
412127009001001;2
383283009002801;2
393022009001701;2
461698009000101;2
461268009000101;2
440051009000101;2
423844009000501;2
400505009000301;2
461981009000101;2
423844009001601;2
410816009001801;2
424464009002001;2
408867009001401;2
393856009004901;2
423844009005501;2
419497009001401;2
411426009001401;2
463830009000101;2
415440009000301;2
404427009001401;2
440117009000301;2
412420009000801;2
409544009002001;2
427913009001101;2
429960009000601;2
462201009000101;2
395450009000901;2
449359009000501;2
463036009000101;2
423844009002101;2
423844009002201;2
466786009000301;2
410869009000602;2
465436009000101;2
407040009001001;2
399846009001601;2
458867009000101;2
408017009000901;2
405348009001601;2
412844009001001;2
456978009000101;2
406490009000801;2
459888009000201;2
414773009001201;2
409638009000301;2
412822009000201;2
427913009000701;2
469667009000101;2
460390009000101;2
409016009001801;2
399866009002601;2
467633009000101;2
404429009001501;2
449359009001401;2
453649009000201;2
468254009000101;2
465442009000101;2
465794009000201;2
400961009000401;2
415489009003401;2
410829009000601;2
404254009000401;2
414306009000101;2
429238009000201;2
464498009000101;2
404499009001701;2
466261009000201;2
394515009000401;2
464428009000101;2
410590009000801;2
399413009000701;2
443482009000101;2
425827009000201;2
464431009000101;2
414165009000701;2
411446009002701;2
394845009000301;2
462701009000101;2
415489009001801;2
410859009001601;2
449831009000201;2
400930009000701;2
465685009000101;2
406994009000601;2
423844009001401;2
400643009000601;2
460390009000501;2
407497009001101;2
407835009002401;2
463818009000201;2
414884009000201;2
432719009000701;2
410341009004201;2
433193009003001;2
462941009000201;2
409677009005801;2
413642009000401;2
465461009000701;2
423844009006101;2
465670009000301;2
414059009001801;2
402620009000501;2
465416009000101;2
461087009000101;2
412469009000901;2
408629009002401;2
405314009000301;2
399176009000201;2
409582009000301;2
426620009000101;2
432397009000101;2
420104009002301;2
402748009000801;2
404041009002301;2
390599009000301;2
394121009001001;2
406356009000901;2
412028009000301;2
413477009000201;2
409468009000201;2
461857009000201;2
407858009000501;2
416848009001001;2
415971009000201;2
462731009000101;2
409953009000601;2
410341009003301;2
466738009000101;2
460662009000101;2
404080009000401;2
466924009000601;2
390677009002301;2
410341009009001;2
414153009000201;2
407964009000601;2
416088009000501;2
410341009009101;2
410341009000901;2
404562009002201;2
408703009001001;2
399926009000901;2
414321009001201;2
415004009000501;2
441280009000101;2
467246009000101;2
413362009000401;2
465461009001401;2
407165009001101;2
423040009000601;2
410341009004401;2
409125009000501;2
427913009000801;2
414118009000601;2
386915009000401;2
460187009000201;2
463735009000101;2
424607009000601;2
465854009000401;2
402889009000301;2
396585009000701;2
408059009000701;2
463161009000101;2
413308009001401;2
449359009001201;2
414304009000401;2
439637009001001;2
447110009000501;2
463154009000601;2
469535009000401;2
360090009000901;2
441323009000201;2
409283009000501;2
396281009000301;2
400114009006701;2
411118009001301;2
402682009000501;2
390020009000401;2
413994009000701;2
406490009001201;2
401776009000401;2
467964009000101;2
444803009000701;2
454679009000201;2
399828009001101;2
411255009000801;2
402621009001001;2
465667009000101;2
419078009000901;2
412825009004301;2
412825009000401;2
466293009000201;2
402703009001501;2
465461009001101;2
466319009000101;2
468164009000301;2
406994009002501;2
441162009000101;2
460753009000101;2
419497009000401;2
394774009002001;2
430199009000101;2
402503009000201;2
469034009000101;2
446466009001601;2
410341009000301;2
462765009000401;2
466119009000401;2
473245009000101;2
464598009000201;2
440891009000201;2
410763009000901;2
391131009000401;2
395388009000501;2
464943009000101;2
407279009000501;2
409831009000301;2
413647009000601;2
403861009000201;2
404115009000801;2
386773009002201;2
387260009000401;2
396506009000601;2
411875009001001;2
400193009000401;2
462765009001101;2
413915009000301;2
387316009001401;2
388803009000601;2
398081009000501;2
386916009000501;2
396040009000401;2
399881009000301;2
391463009000301;2
414867009002401;2
440466009000101;2
396506009000401;2
413956009001701;2
410973009000501;2
404623009001801;2
463492009000201;2
400963009000501;2
411889009000301;2
414822009002901;2
409654009000101;2
399845009001301;2
395363009001501;2
431629009001401;2
399919009001101;2
463149009000101;2
407168009000501;2
409526009001001;2
404023009000301;2
449359009000601;2
408010009001101;2
405259009002101;2
447110009000301;2
408031009000301;2
464531009000101;2
464385009000101;2
360090009002001;2
410341009005301;2
414248009002301;2
460662009001201;2
468151009000201;2
461642009000401;2
410869009000502;2
410630009000901;2
464627009000301;2
413830009000401;2
447110009001901;2
410869009000603;2
410138009000601;2
406236009000801;2
460662009001401;2
407408009000801;2
403621009000901;2
406490009000201;2
414177009002001;2
403909009000901;2
419042009002101;2
451737009000101;2
410657009000401;2
443368009000401;2
410341009007601;2
411642009002501;2
415489009000601;2
404163009000501;2
400387009002601;2
407282009000301;2
414315009002101;2
408881009000701;2
413756009002401;2
389970009000501;2
391926009000301;2
408906009001301;2
411267009000501;2
462979009000101;2
445367009000101;2
407800009000701;2
414603009003301;2
409468009001101;2
405339009001101;2
410554009000701;2
458626009000101;2
462628009000101;2
463036009000201;2
396263009002101;2
429960009001201;2
412275009001001;2
412023009002401;2
465627009000101;2
406139009000701;2
411194009000301;2
414754009003901;2
396070009000101;2
416083009000901;2
395012009000901;2
400953009001901;2
387162009000701;2
407939009000701;2
409677009000201;2
468850009000101;2
461452009000501;2
402825009000901;2
467831009000101;2
463718009000201;2
409544009001501;2
460662009000201;2
397133009000401;2
411367009001901;2
439610009000101;2
410885009000701;2
408975009000601;2
406207009001501;2
432719009001401;2
412941009003501;2
413364009000501;2
403944009000601;2
413346009001701;2
402703009000501;2
404515009001301;2
461454009000101;2
425709009000201;2
457590009000201;2
411102009000401;2
409669009000501;2
412346009002301;2
409308009002301;2
466924009000201;2
462724009000201;2
464213009000201;2
410316009000401;2
463778009000201;2
463969009000301;2
414752009000401;2
465206009000101;2
396413009007601;2
413462009000401;2
413930009000501;2
399436009001101;2
407010009000301;2
411192009001301;2
443273009000101;2
410288009000701;2
407913009000901;2
409005009000701;2
426352009001201;2
429203009000101;2
414194009000201;2
405348009003101;2
465943009000101;2
356715009000201;2
461785009000101;2
404759009000701;2
409677009002601;2
390021009000401;2
406299009000301;2
402628009000301;2
423844009004901;2
423844009000201;2
466335009000101;2
407924009000701;2
423844009003301;2
423844009000601;2
411541009000301;2
410726009001001;2
414691009000501;2
434291009000601;2
427913009000601;2
414304009000701;2
458776009000101;2
440843009000601;2
413346009001501;2
462351009000401;2
463802009000101;2
393813009002601;2
409582009000901;2
394845009005401;2
412382009003001;2
425827009000301;2
439412009000401;2
462769009000101;2
466118009000101;2
443794009000101;2
462548009000201;2
400114009003401;2
453113009000101;2
410460009001401;2
399867009000201;2
404515009001101;2
410472009002401;2
455485009000101;2
423844009004701;2
408306009000901;2
410341009004901;2
410341009001701;2
410341009009201;2
430286009000101;2
412573009000601;2
410816009001601;2
410669009001901;2
411789009000901;2
397133009002001;2
414716009000901;2
397148009000501;2
399987009000301;2
401720009002601;2
409280009001001;2
407490009001401;2
400515009000201;2
399656009001401;2
443273009001301;2
414385009001801;2
461452009002401;2
462765009000201;2
419042009000101;2
464400009000101;2
413462009000701;2
407939009000801;2
409758009001901;2
413364009000701;2
393856009005001;2
421933009000101;2
412101009000601;2
395668009000801;2
408830009001801;2
410808009000401;2
407046009002201;2
419497009002501;2
360090009000101;2
467243009000101;2
442745009000301;2
409671009000701;2
412301009000401;2
407795009000201;2
403563009000201;2
387841009000601;2
461641009000101;2
388979009000601;2
429227009000101;2
436075009000601;2
464627009000101;2
413361009001801;2
401745009001001;2
397154009000301;2
409677009004201;2
417166009000501;2
395320009000701;2
412257009001301;2
434289009001501;2
390599009000501;2
417447009004201;2
443273009000401;2
396269009003201;2
410943009001501;2
409198009000201;2
414306009000401;2
464379009000201;2
386906009001401;2
401720009000401;2
402403009000801;2
409992009000401;2
395012009001401;2
411134009000401;2
390677009001601;2
465461009000801;2
408109009000601;2
412303009000401;2
409997009001301;2
465683009000101;2
409521009000201;2
409544009003201;2
460662009000701;2
405348009002701;2
403909009002701;2
387993009000601;2
430657009000101;2
457590009000101;2
461452009001601;2
411875009002101;2
404947009001701;2
443751009000101;2
410341009003901;2
465772009001001;2
410341009010701;2
410341009002201;2
410341009006001;2
461909009000301;2
419969009000401;2
423844009002901;2
410341009012301;2
462724009000101;2
463992009000101;2
468202009000101;2
453649009000101;2
408699009000401;2
469097009000101;2
411959009000501;2
399625009000101;2
450745009000101;2
461909009000101;2
410341009006701;2
411478009000501;2
359603009001201;2
400767009000701;2
461243009000101;2
443273009000501;2
389456009000901;2
411077009000501;2
410341009006601;2
434848009000901;2
399142009000401;2
409669009000701;2
393892009000501;2
439853009000301;2
409172009000601;2
410554009001701;2
403753009000601;2
409481009000201;2
460369009000101;2
399279009000401;2
410341009007001;2
410341009007301;2
461452009000702;2
460807009000101;2
461642009000601;2
434831009003101;2
389133009001301;2
399053009000301;2
406490009001101;2
404670009000601;2
450465009000301;2
412491009000401;2
410341009007101;2
410341009001401;2
410341009001101;2
398409009001401;2
390757009000801;2
427913009001601;2
462701009000301;2
461452009000703;2
411446009001101;2
439412009000501;2
423844009003801;2
460579009000101;2
464990009000101;2
466737009000101;2
400494009001401;2
395012009001501;2
420066009001601;2
396070009000401;2
404506009000901;2
465386009000601;2
409468009000101;2
410341009011601;2
400515009001601;2
408930009000501;2
468382009000101;2
423844009002501;2
466204009000301;2
461208009000101;2
406238009001601;2
432472009000101;2
453978009000101;2
458373009000101;2
423844009002301;2
398465009000401;2
401283009002401;2
462765009000101;2
410458009000801;2
395806009000101;2
442745009000601;2
415089009000701;2
465521009000101;2
428569009000101;2
404587009000401;2
412845009000201;2
414209009000301;2
391302009003101;2
407201009000701;2
432531009000301;2
461912009000101;2
410341009010901;2
413727009002601;2
410341009010201;2
460662009001601;2
413896009000301;2
406490009001501;2
463825009000201;2
426352009000601;2
464007009000201;2
409963009000401;2
400953009002101;2
435263009000401;2
409114009000401;2
425304009000101;2
419112009000401;2
407020009000201;2
431918009000301;2
408956009000901;2
414728009003001;2
403837009001501;2
410288009000501;2
399164009000401;2
386890009000601;2
415347009000401;2
406225009000501;2
409981009000601;2
409114009000601;2
411728009000301;2
381102009000301;2
408867009001501;2
391463009005601;2
414019009000601;2
402755009000901;2
409677009002501;2
409549009001801;2
464229009000101;2
413581009000501;2
401689009000401;2
400031009003201;2
409335009002401;2
409030009000601;2
416083009001501;2
395012009000101;2
411573009001001;2
464783009000101;2
410341009012101;2
400719009002301;2
415557009001101;2
433151009000101;2
386987009000501;2
463370009000101;2
400867009001301;2
411664009001101;2
402503009000101;2
412809009000301;2
442559009000101;2
410341009011201;2
409468009001301;2
414112009000501;2
411976009000701;2
411521009001601;2
460662009000801;2
410341009007501;2
407610009000801;2
408333009001801;2
462170009000501;2
404201009001701;2
419170009000301;2
447110009000101;2
407607009001301;2
467229009000201;2
405375009002101;2
432719009000501;2
409125009000701;2
414947009000401;2
402834009001101;2
410341009005401;2
415489009000701;2
463148009000101;2
388591009002001;2
460761009000101;2
391463009005701;2
410341009008701;2
411223009000501;2
407144009000801;2
410341009001301;2
409391009000501;2
395780009001201;2
412223009000901;2
404705009000601;2
402682009000301;2
407565009001601;2
408972009001901;2
462556009000101;2
386944009000901;2
392870009001701;2
410341009011501;2
409906009003001;2
407491009000301;2
412056009000901;2
392350009002901;2
441913009000401;2
412366009000201;2
400114009003501;2
408059009001601;2
447110009000201;2
463887009000102;2
411621009000301;2
441913009000201;2
421369009000101;2
399878009001601;2
455505009000201;2
406490009000301;2
413893009000501;2
469542009000201;2
465772009001401;2
463778009000601;2
468972009000101;2
414511009000501;2
411134009000201;2
461832009000101;2
464133009000201;2
461248009000101;2
419497009000301;2
460662009000501;2
407023009001901;2
410972009000701;2
461452009001001;2
412842009002101;2
461612009000301;2
390594009000301;2
393813009002501;2
462765009001303;2
397912009001501;2
402403009000601;2
405642009001101;2
412340009000301;2
416620009001301;2
427471009000301;2
458958009000201;2
442745009000201;2
409677009006001;2
468997009000101;2
410524009002801;2
412458009000701;2
411791009001601;2
403808009002701;2
414947009000201;2
465461009000401;2
412367009001101;2
419497009000101;2
468985009000101;2
465898009000201;2
391571009000501;2
407924009000201;2
409813009000501;2
409906009000301;2
460247009000101;2
409831009000501;2
412342009000701;2
429960009000401;2
469535009000201;2
413854009001901;2
404135009001201;2
404759009000501;2
398831009000401;2
406356009002101;2
408867009000301;2
401776009001701;2
415080009000401;2
468050009000101;2
399411009003301;2
462608009000301;2
461642009000501;2
414806009000701;2
396068009000301;2
395012009000401;2
388697009004001;2
409398009000501;2
392037009003401;2
460425009000401;2
467136009000101;2
424871009000201;2
406139009000301;2
469000009000101;2
465386009000501;2
467408009000101;2
465816009000101;2
404929009000401;2
404541009000301;2
400407009001901;2
403909009002801;2
464383009000101;2
460662009001701;2
465772009001501;2
466211009000101;2
464640009000201;2
450334009000101;2
423844009004401;2
413261009001201;2
398142009002201;2
413602009001101;2
463277009000101;2
468486009000101;2
461769009000101;2
462724009000401;2
391975009000501;2
397284009000801;2
409420009000401;2
413317009003001;2
408628009001101;2
408899009000901;2
465200009000101;2
410670009000401;2
410889009000301;2
409481009000701;2
413679009002601;2
322821009001201;2
461452009001201;2
406490009000901;2
396377009000701;2
408975009000401;2
414224009000401;2
462274009000101;2
463754009000301;2
414163009001701;2
410829009000401;2
412022009000901;2
409764009002901;2
414727009000401;2
413980009001201;2
417447009003801;2
410495009002301;2
409469009000601;2
410940009000901;2
410472009000901;2
413366009000901;2
410341009010301;2
410341009009401;2
400841009005501;2
441658009000101;2
410341009012601;2
408031009000501;2
395163009000201;2
447110009001801;2
412941009004201;2
460643009000101;2
462765009001301;2
466733009000101;2
465772009000901;2
400331009000901;2
465461009000101;2
433151009000601;2
432239009000101;2
461452009000601;2
465891009000101;2
412144009000801;2
409675009000201;2
412918009000801;2
400680009002901;2
399385009000601;2
410869009000503;2
461452009002001;2
415779009001901;2
442440009000101;2
412023009001601;2
414760009000301;2
369453009001001;2
430789009000101;2
388089009002201;2
416483009000801;2
409211009000201;2
391463009006501;2
402597009001701;2
402912009000501;2
409437009002501;2
407565009005401;2
407917009000901;2
409254009000201;2
416620009002601;2
395238009000401;2
394084009000901;2
399664009001401;2
465675009000201;2
445367009000201;2
461307009000101;2
428004009000101;2
393022009001301;2
414059009002001;2
427983009000701;2
412469009000701;2
424999009000101;2
399930009000601;2
404142009000601;2
414118009000801;2
402610009000401;2
408716009000401;2
465854009000301;2
402832009000301;2
410971009002101;2
409992009000601;2
400432009000901;2
460074009000101;2
447110009002001;2
444379009000101;2
440171009000101;2
404655009001401;2
434289009001301;2
401764009002601;2
412444009000401;2
464106009000101;2
461246009000201;2
410341009005801;2
463904009000101;2
462442009000101;2
434848009001001;2
440171009000201;2
461143009000101;2
407076009000401;2
409468009000601;2
445318009000401;2
323332009000701;2
409942009000701;2
395030009000401;2
392173009000601;2
407400009001501;2
409468009001201;2
456899009000101;2
402555009001601;2
427913009000401;2
414755009001101;2
410162009000201;2
441597009000201;2
399331009000401;2
465772009000801;2
400961009001701;2
400819009001201;2
412907009000601;2
396097009000301;2
408916009000601;2
465320009000201;2
431646009000101;2
431833009000201;2
401378009000501;2
409582009001301;2
412340009000501;2
412420009002901;2
423844009005101;2
414929009000801;2
400070009000301;2
395261009000701;2
467832009000101;2
410341009005601;2
405370009000601;2
399439009000501;2
404143009000301;2
414754009003801;2
439723009000201;2
465394009000301;2
397167009000901;2
392037009003901;2
404023009002301;2
413709009002101;2
411930009000401;2
415489009003001;2
409962009000201;2
367540009000801;2
412711009000301;2
415971009002101;2
463150009000101;2
465461009001301;2
407830009003701;2
410872009000301;2
410319009000601;2
414183009000401;2
403944009002201;2
419497009001101;2
415971009002601;2
461879009000201;2
465461009002601;2
420035009000801;2
395345009002701;2
411446009002301;2
401283009000401;2
415489009000901;2
414822009000401;2
440361009001001;2
407964009000401;2
408930009000301;2
410816009001901;2
465440009000101;2
427508009000101;2
409003009000301;2
431918009000201;2
407937009000501;2
403857009000801;2
399870009000201;2
411642009002701;2
411931009000301;2
412831009000401;2
419999009001201;2
410903009002001;2
409624009000801;2
423844009001201;2
409800009001701;2
410341009011001;2
410341009003601;2
423844009003401;2
423844009002001;2
463356009000101;2
419497009001801;2
410341009002101;2
410341009004501;2
428796009000101;2
461243009000201;2
465461009000901;2
261370009000401;2
456378009000101;2
404670009000801;2
420188009000201;2
415004009000901;2
402381009000901;2
461280009000201;2
465934009000201;2
406490009001401;2
446466009002501;2
408569009001301;2
395363009005401;2
407692009001701;2
462701009000201;2
431778009000201;2
414256009001801;2
433193009003901;2
396915009000301;2
382601009000401;2
399938009000501;2
461187009000101;2
464499009000101;2
406369009000401;2
415024009001701;2
360090009000501;2
410314009001401;2
392957009000401;2
416411009000301;2
394728009000901;2
461642009000301;2
462170009000101;2
423844009001101;2
422654009000201;2
441199009000301;2
413971009001401;2
409544009002401;2
407807009004301;2
410478009000501;2
412841009000501;2
410872009000501;2
402912009001501;2
411168009000401;2
407200009000501;2
419497009001501;2
443273009000301;2
464253009000101;2
417396009001301;2
419113009001601;2
423301009000601;2
407462009000401;2
409339009002701;2
461452009000301;2
406490009001901;2
414203009000201;2
364361009000301;2
449359009000301;2
397139009001901;2
458735009000101;2
400060009001201;2
469541009000101;2
464689009000101;2
415892009000701;2
411118009001501;2
411573009001601;2
394860009000301;2
468164009000101;2
386902009002901;2
412346009000701;2
439066009000501;2
447110009001501;2
410524009003001;2
402865009000301;2
462170009000201;2
439917009000101;2
414493009002001;2
412028009000501;2
410507009001401;2
433565009000501;2
408804009000601;2
404149009000101;2
408955009000401;2
416848009000701;2
412150009000401;2
417459009002801;2
411872009003101;2
427213009000601;2
463414009000201;2
407044009000301;2
462351009000201;2
410893009001001;2
432719009001201;2
397677009004201;2
393864009002101;2
412363009001501;2
410495009000701;2
412491009001801;2
409468009000901;2
446356009000201;2
468910009000201;2
465854009000501;2
410439009000701;2
410561009001301;2
403765009000301;2
420104009001201;2
399926009001101;2
415489009003101;2
414754009004001;2
419042009000201;2
410341009011701;2
458013009000301;2
463933009000101;2
463092009000201;2
400344009000201;2
410895009000401;2
395833009000801;2
409555009003101;2
415084009002901;2
413474009000501;2
387167009000501;2
389647009000401;2
410341009008801;2
410341009004801;2
402829009002101;2
425709009000401;2
408815009000601;2
412564009001501;2
408629009001201;2
402733009002401;2
408955009002101;2
409356009001301;2
409906009000501;2
410341009003401;2
400494009001101;2
411191009001701;2
463919009000101;2
458410009000201;2
395782009001201;2
410341009004301;2
410341009012701;2
410341009012201;2
460635009000201;2
463426009000101;2
464659009000301;2
402601009000501;2
405496009000301;2
391463009005901;2
393892009001101;2
426352009000801;2
415095009001801;2
427572009000201;2
360090009003301;2
404925009000501;2
406068009000301;2
400964009000301;2
411025009000801;2
408569009000201;2
415534009001401;2
406271009000701;2
404290009001401;2
433193009002901;2
413393009000401;2
414885009001401;2
404206009000601;2
413271009000901;2
415087009000201;2
408699009000201;2
417166009002301;2
416795009001601;2
414975009000301;2
414760009001601;2
402610009000601;2
409986009002201;2
367540009002301;2
395238009000601;2
406233009001001;2
414511009000301;2
420066009001801;2
404533009001001;2
403799009001001;2
396377009000501;2
400867009002601;2
412333009001301;2
412382009003401;2
399938009000701;2
405814009002501;2
415489009003201;2
460427009000101;2
465772009001101;2
465663009000101;2
449359009000201;2
419113009000801;2
408953009000601;2
414359009000501;2
360090009000601;2
360090009000602;2
450089009000101;2
458776009000301;2
416088009000301;2
427913009000501;2
423844009000701;2
465299009000101;2
440572009000301;2
459221009000101;2
443273009000901;2
408656009002001;2
400841009004401;2
469348009000101;2
402042009000601;2
415527009000101;2
402818009001201;2
398760009002901;2
413385009000201;2
397133009000801;2
413436009001901;2
461108009000101;2
400953009000901;2
415057009001101;2
360090009001101;2
460662009000601;2
411125009000501;2
397328009000401;2
423844009001301;2
400889009001401;2
364709009000301;2
460684009000101;2
465772009001601;2
465461009002501;2
423844009003101;2
432719009000601;2
410341009008401;2
423844009001501;2
402831009000401;2
408159009001501;2
465452009000101;2
468475009000101;2
432463009000101;2
399296009003001;2
399413009000601;2
446203009000201;2
389047009000501;2
404099009000701;2
409626009000201;2
461625009000101;2
412023009001401;2
412056009001101;2
417306009000401;2
390027009000601;2
405347009001101;2
463107009000101;2
411194009000501;2
408010009000801;2
405642009000701;2
408537009001101;2
414923009000501;2
409521009000401;2
410341009007801;2
386919009003101;2
407850009000701;2
408972009001701;2
404111009000401;2
461599009000101;2
415557009003101;2
414929009000601;2
410341009011801;2
466263009000301;2
471440009000101;2
410621009000401;2
463149009000201;2
399924009000501;2
409393009001601;2
463775009000201;2
409963009000601;2
407557009002601;2
414190009002501;2
408569009001201;2
468164009000201;2
410341009002601;2
410136009000501;2
404876009000101;2
413581009000301;2
410816009001701;2
413229009000401;2
412941009002101;2
410341009009301;2
461153009000101;2
410468009000201;2
400494009001201;2
396463009000301;2
408931009000901;2
409494009000701;2
411424009000801;2
434353009000801;2
391463009006201;2
409495009001801;2
445294009000101;2
460662009001001;2
401764009000901;2
408109009000401;2
461287009000201;2
463445009000101;2
412338009000201;2
415489009001501;2
398130009000801;2
435300009000201;2
402601009000301;2
392942009001301;2
468481009000101;2
465908009000101;2
410740009000701;2
395719009000501;2
404354009001201;2
413834009001701;2
440948009000201;2
360090009001801;2
423844009001701;2
409582009001101;2
419108009000201;2
410341009000401;2
460575009000101;2
443273009000701;2
413176009004001;2
466223009000101;2
465125009000101;2
456366009000101;2
420104009001701;2
447110009000701;2
414893009000701;2
436780009000701;2
433495009000101;2
466030009000201;2
413346009002201;2
414729009001401;2
412768009000601;2
402624009002201;2
433193009003801;2
461642009000101;2
436075009001001;2
415074009002201;2
458013009000501;2
447110009001001;2
407917009000601;2
403661009000501;2
423844009000301;2
465894009000101;2
409626009001201;2
461452009001501;2
395012009001001;2
465366009000101;2
399279009000701;2
419497009000901;2
410458009000601;2
427471009000501;2
402625009000701;2
415084009001401;2
414111009000301;2
390027009000801;2
400680009002601;2
427526009000101;2
464536009000101;2
463360009000101;2
409582009001501;2
444401009000201;2
460390009000301;2
403867009000601;2
386906009001601;2
423844009004501;2
414206009000201;2
411530009000701;2
413834009001901;2
406383009003001;2
389872009001501;2
464305009000201;2
464139009000101;2
386995009000401;2
395796009000301;2
414867009002101;2
402834009002501;2
401303009000901;2
468126009000201;2
464627009000201;2
410814009001501;2
412037009002201;2
463985009000201;2
441149009000301;2
433456009000201;2
409884009003301;2
399296009003101;2
408529009000601;2
409657009001101;2
388479009002601;2
410616009000101;2
461813009000101;2
407033009001201;2
413317009003901;2
468151009000101;2
406994009002701;2
408569009001401;2
430525009000201;2
423844009004001;2
421933009000102;2
410341009000501;2
410341009002001;2
428410009000101;2
442745009000401;2
428819009000101;2
404361009001501;2
409832009000401;2
399941009001101;2
426352009000501;2
974331009001101;2
410762009001101;2
411446009002201;2
388096009001201;2
432373009000301;2
414990009000701;2
412985009000201;2
405642009000501;2
466261009000101;2
423844009000901;2
423844009003601;2
430657009000201;2
409884009003101;2
409356009000801;2
409582009002501;2
431027009000301;2
431344009000101;2
411083009002001;2
411160009000801;2
468814009000201;2
410669009000201;2
408032009000401;2
409424009002501;2
400680009000801;2
400599009000301;2
404893009001001;2
415022009000601;2
442745009000101;2
390020009001301;2
412082009002801;2
466204009000101;2
415129009000501;2
400889009001601;2
395363009005501;2
429391009000101;2
387204009000601;2
402831009000601;2
400964009000201;2
442773009000201;2
440361009000701;2
411874009000501;2
396070009000301;2
404453009001501;2
464079009000101;2
462399009000201;2
469535009000301;2
387228009001501;2
419497009002001;2
427914009000101;2
406905009003201;2
464571009000101;2
410869009000501;2
410341009005001;2
406490009001001;2
420147009000201;2
464388009000101;2
410341009011101;2
468453009000101;2
441323009000401;2
409627009000701;2
446830009000501;2
427913009001501;2
388241009001601;2
410341009006401;2
410341009006301;2
423844009006201;2
408656009000401;2
441199009000201;2
423844009003501;2
410341009007201;2
462765009000801;2
440361009003001;2
415053009000201;2
409677009005701;2
424619009000101;2
439412009000201;2
404213009000601;2
447110009002201;2
402620009000301;2
412363009001301;2
412209009001101;2
396413009005101;2
464541009000201;2
449359009000101;2
449359009000801;2
406410009000301;2
415489009001101;2
405348009003201;2
402624009002001;2
416682009000901;2
409468009000801;2
360090009001001;2
462170009000301;2
469542009000301;2
465307009000101;2
462914009000101;2
440361009000101;2
410341009007901;2
408102009000401;2
410341009009601;2
398860009001701;2
407565009003501;2
414809009000501;2
441232009000101;2
423844009004801;2
465461009001601;2
411006009000201;2
404149009000301;2
400387009003601;2
414493009000401;2
440117009000101;2
463815009000101;2
440879009000101;2
437983009000201;2
404113009002801;2
464266009000101;2
401824009001901;2
439917009000201;2
460721009000101;2
468216009000101;2
412022009000701;2
360090009002101;2
461452009000701;2
424871009000101;2
337125009000201;2
414096009001201;2
429234009000101;2
399864009000201;2
412711009001001;2
460643009000201;2
439682009000101;2
407048009001901;2
462765009001201;2
460641009000101;2
461452009001701;2
414757009000901;2
409468009001401;2
412807009000501;2
402600009002501;2
411573009001901;2
444492009000101;2
426620009000201;2
431629009001601;2
407801009001101;2
466924009000401;2
383283009000801;2
391131009000801;2
463828009000201;2
461161009000101;2
396070009000201;2
465386009000101;2
440361009000901;2
412746009000401;2
466836009000101;2
411424009000601;2
407023009001501;2
397154009001601;2
461597009000101;2
466747009000101;2
391390009001201;2
388183009002501;2
406416009000201;2
409165009000201;2
398130009003001;2
466261009000202;2
465837009000201;2
464162009000101;2
413894009000201;2
408636009002501;2
411545009001301;2
412321009000301;2
413858009001301;2
411430009001101;2
423844009005801;2
393864009002201;2
466384009000201;2
465593009000101;2
439688009001801;2
411889009000501;2
461452009001301;2
409541009001001;2
409630009000801;2
423686009001001;2
423844009003901;2
408930009000401;2
392037009003501;2
399941009000901;2
399260009000601;2
410341009002501;2
403837009000201;2
411027009000801;2
461067009000101;2
410621009000301;2
461665009000101;2
407807009000401;2
412838009002201;2
461452009000801;2
462521009000101;2
438167009000201;2
408569009000301;2
426358009000101;2
408815009002801;2
411245009001301;2
413393009000601;2
412382009003201;2
465461009001701;2
404052009000401;2
461486009000101;2
465220009000101;2
409335009002201;2
409283009000701;2
401128009000901;2
409146009000501;2
408046009000501;2
399648009000701;2
415088009000301;2
392350009000101;2
407165009001001;2
407279009001901;2
401831009000401;2
406561009004601;2
408804009000801;2
407835009000301;2
463828009000401;2
413915009001501;2
403909009001001;2
415719009001601;2
416620009000701;2
400649009000201;2
408703009001201;2
463830009000401;2
387679009000601;2
406124009000301;2
420055009001601;2
427584009000601;2
460802009000101;2
464176009000101;2
414303009000401;2
410341009003201;2
412179009002901;2
400065009002401;2
463962009000101;2
399425009000401;2
409981009000801;2
411600009000901;2
465772009001201;2
387825009000701;2
405642009002301;2
465853009000101;2
439412009000301;2
405642009003601;2
409997009001201;2
410341009012401;2
410341009000201;2
410341009009701;2
408844009000401;2
413613009001001;2
443273009001001;2
431918009000101;2
409156009002001;2
419091009000401;2
399945009003001;2
415500009001601;2
463812009000101;2
414194009000301;2
407096009000401;2
447110009002101;2
460660009000101;2
401824009000601;2
466204009000201;2
400031009003101;2
440361009000601;2
412393009000501;2
390677009000401;2
400187009001601;2
440303009000101;2
461452009002301;2
410341009003001;2
409207009000501;2
414953009000101;2
466440009000101;2
409366009000501;2
406012009000701;2
409801009002501;2
388479009000401;2
438897009000101;2
430830009000101;2
410869009000601;2
414294009000201;2
397113009001201;2
397113009001501;2
414248009001101;2
409634009000301;2
404354009000301;2
414990009000501;2
406099009003001;2
394084009000701;2
399825009000601;2
413361009000901;2
407497009000901;2
458716009000101;2
447110009001101;2
419497009000701;2
360090009000801;2
434170009000301;2
434362009000501;2
443273009000601;2
415084009003001;2
462671009000201;2
446685009000701;2
356715009000101;2
411160009001501;2
464541009000101;2
466801009000101;2
461479009000101;2
400867009002301;2
407117009000601;2
404206009000801;2
360090009001501;2
398744009001501;2
410575009002101;2
397501009001001;2
449359009001001;2
409878009002001;2
409125009001501;2
402872009000801;2
461436009000101;2
406058009001101;2
412050009001801;2
260402009000601;2
462194009000101;2
409962009003701;2
407557009002801;2
407659009000301;2
387879009001001;2
408306009000201;2
463164009000201;2
351515009000301;2
404147009000301;2
463205009000101;2
423116009000101;2
432469009000101;2
407417009000201;2
404937009000901;2
411234009001501;2
462919009000201;2
410955009000401;2
432719009001301;2
401824009001801;2
447110009001601;2
390021009001401;2
411111009000701;2
415500009000401;2
401264009000101;2
406561009006001;2
447125009003901;2
410594009000201;2
388975009000401;2
410616009000301;2
460660009000201;2
432719009000801;2
360090009002801;2
437433009000201;2
399973009000101;2
465450009000101;2
415222009000401;2
467103009000101;2
432444009000101;2
423040009000301;2
395012009001301;2
469004009000101;2
463149009000301;2
463154009000201;2
467939009000101;2
468672009000101;2
465772009000701;2
411070009000401;2
407685009000401;2
396282009000501;2
443249009000101;2
408154009000401;2
458902009000101;2
471522009000101;2
373604009000301;2
396269009000801;2
393022009000101;2
406490009000501;2
401283009000501;2
409521009001501;2
395012009000301;2
458958009000101;2
419069009000101;2
406561009006101;2
434848009000701;2
443273009001201;2
423844009005401;2
410575009000701;2
393079009000301;2
413317009003301;2
412837009002801;2
409707009000301;2
410341009004701;2
410341009009801;2
408202009000701;2
432719009001101;2
401283009002301;2
468167009000101;2
468359009000101;2
423301009000301;2
399847009001701;2
409582009000601;2
408159009001701;2
402748009001001;2
404602009000701;2
412444009000201;2
398272009001001;2
458495009000201;2
467836009000101;2
465839009000101;2
402628009001201;2
410960009001601;2
399921009000301;2
428059009000201;2
411027009000601;2
447331009000101;2
395345009001901;2
449778009000101;2
465854009000201;2
417447009004101;2
391463009004701;2
464036009000201;2
406437009000601;2
433193009004101;2
435512009001601;2
433054009000101;2
387204009000301;2
414203009000401;2
409802009000301;2
464621009000101;2
464640009000101;2
463154009000101;2
410955009002901;2
409308009000301;2
409654009000201;2
462535009000301;2
406490009000401;2
404453009001601;2
454679009000401;2
409582009001801;2
401293009002401;2
461612009000101;2
440361009000501;2
400432009000701;2
414360009001601;2
410495009002101;2
414728009003201;2
392266009001501;2
413830009000201;2
458776009000201;2
464379009000401;2
434560009000301;2
419144009000501;2
408017009000701;2
409986009002001;2
408826009000401;2
409146009000301;2
406099009000401;2
322821009001401;2
427913009001001;2
402818009001001;2
411976009001101;2
440502009000201;2
414019009000801;2
412401009000301;2
395363009004601;2
419497009001001;2
456244009000101;2
414476009000301;2
407565009001001;2
411600009002601;2
409356009005101;2
402494009000101;2
459024009000201;2
411083009002901;2
411857009000501;2
455946009000101;2
408659009000601;2
447110009000901;2
433456009000101;2
408141009000301;2
411520009001201;2
462485009000101;2
412396009001401;2
407830009003501;2
395719009000701;2
414361009002101;2
411246009000501;2
405642009000901;2
463503009000101;2
410001009002401;2
412746009000201;2
412150009000601;2
419095009000101;2
404658009000301;2
393805009000301;2
408913009000301;2
408844009000201;2
404142009000901;2
409878009000901;2
413436009001801;2
383283009002901;2
410341009008201;2
410341009006201;2
401720009001501;2
388008009000801;2
450745009000201;2
404499009000901;2
409582009002401;2
414913009000301;2
407672009001201;2
423527009000101;2
404111009000601;2
411708009000501;2
409469009002301;2
412098009000901;2
412086009000701;2
444541009000101;2
411859009002101;2
408046009002901;2
414163009000201;2
410594009001101;2
412257009001501;2
410468009004701;2
413854009000701;2
464146009000101;2
409679009000501;2
402883009001701;2
461285009000201;2
461834009000401;2
400144009002401;2
429945009000101;2
395833009002601;2
400515009001501;2
465715009000101;2
393487009004301;2
412313009000701;2
399864009002301;2
417306009000201;2
410460009001201;2
404499009000701;2
462765009000301;2
414321009001001;2
410341009003801;2
388680009002001;2
411545009002901;2
410341009006901;2
409222009001001;2
397745009000301;2
407310009002701;2
409566009001701;2
390594009001501;2
466177009000101;2
429234009000401;2
407544009000801;2
408351009000801;2
395833009002301;2
462357009000201;2
406490009000701;2
442745009000801;2
399935009001901;2
438720009000201;2
441461009000101;2
465386009000301;2
409541009000401;2
412037009001101;2
388980009002001;2
437307009000101;2
407388009000101;2
409016009000401;2
396627009000501;2
430525009000101;2
409555009000301;2
410561009000301;2
400863009000901;2
465310009000101;2
466274009000201;2
408629009002101;2
410319009000801;2
411160009001601;2
414754009000401;2
414746009000401;2
414165009000401;2
415453009000201;2
413317009003101;2
430416009000101;2
431330009000101;2
427913009001201;2
420066009001301;2
410468009000301;2
468987009000101;2
388300009000501;2
397745009001001;2
466119009000201;2
461224009000201;2
461452009000901;2
463081009000101;2
406101009001601;2
449359009001501;2
462608009000201;2
466754009000401;2
427913009000502;2
416859009003301;2
435969009003501;2
414760009003201;2
409833009002201;2
402608009005601;2
399812009005101;2
411424009003801;2
402608009005501;2
429960009003901;2
404453009004701;2
402403009003201;2
407168009005901;2
435834009002201;2
414315009004801;2
404254009002601;2
412094009003801;2
462739009000601;2
429580009000701;2
420485009004701;2
419144009004401;2
400749009001701;2
420160009002901;2
407806009004001;2
414019009003201;2
411848009003501;2
411169009002201;2
465635009000501;2
396281009007101;2
398170009004201;2
389140009009301;2
416458009004301;2
409469009003601;2
404147009006001;2
434831009004501;2
387841009004701;2
411199009004901;2
466924009000901;2
399875009003401;2
409437009003701;2
465594009000301;2
465289009000801;2
429960009004001;2
409764009004601;2
408867009006101;2
399881009003501;2
414773009003501;2
465645009000401;2
409383009002701;2
406356009002801;2
411848009002801;2
411848009003601;2
400387009007401;2
469061009000701;2
464312009000401;2
407806009003801;2
413362009005601;2
407497009004201;2
446830009003001;2
407415009001801;2
409437009003801;2
408839009003501;2
391390009006201;2
465622009001001;2
407879009002201;2
409764009004501;2
400741009004401;2
465289009000701;2
404307009004901;2
410468009007401;2
400387009007301;2
423040009003401;2
403818009009401;2
468879009000301;2
407044009002401;2
406905009008001;2
399797009005101;2
407040009004701;2
388591009008901;2
403818009009601;2
408636009004301;2
398831009008901;2
405339009005701;2
401128009004101;2
409165009005501;2
409165009005701;2
410972009002101;2
412469009004301;2
400749009001601;2
427584009009701;2
465244009000501;2
419864009007801;2
405347009005201;2
399919009002301;2
408306009005001;2
408881009004201;2
393079009003501;2
412971009005001;2
415779009003901;2
415779009003601;2
407835009005101;2
463989009000601;2
420147009002801;2
411987009002601;2
430457009005501;2
396440009005401;2
391432009005901;2
387228009003801;2
322821009003501;2
407835009005001;2
412037009003601;2
415371009004201;2
392037009006401;2
411848009003001;2
410288009003901;2
435969009003401;2
414209009003601;2
465002009001001;2
409612009005001;2
426650009001201;2
465092009000501;2
407279009004101;2
407807009008601;2
405339009005601;2
407807009008401;2
419170009004301;2
464566009000601;2
398126009004701;2
400606009004401;2
408931009003501;2
414809009003801;2
406012009002201;2
435944009003101;2
469061009000601;2
409003009004001;2
412838009003101;2
462586009000501;2
403818009009501;2
404147009006101;2
436735009003001;2
394256009001901;2
465092009000601;2
412382009006001;2
404947009004601;2
401645009003501;2
399919009002201;2
412363009003401;2
464487009000701;2
405946009004101;2
435944009002901;2
435944009002801;2
420485009004801;2
407685009004701;2
463732009000301;2
399864009003701;2
391981009005801;2
436070009002401;2
408867009006301;2
411848009003301;2
404072009003901;2
463815009000601;2
412401009004101;2
465635009000701;2
407318009007301;2
386919009006701;2
411976009003101;2
402480009003301;2
409943009004301;2
413992009002901;2
407168009006001;2
405642009006801;2
462313009000701;2
409619009002601;2
409521009003601;2
394675009005801;2
407807009008501;2
446830009003101;2
465622009001101;2
391591009004001;2
402615009002301;2
469061009000501;2
463989009000801;2
419042009003501;2
406038009004801;2
412382009005901;2
435944009002701;2
408019009003401;2
412037009003501;2
408502009004701;2
443190009002701;2
417086009003501;2
409521009003501;2
404453009004601;2
405642009006901;2
414760009003101;2
409420009004401;2
471020009000401;2
401303009004201;2
407020009003801;2
409444009004801;2
390594009004201;2
412457009002101;2
382635009007401;2
409199009002601;2
403753009006501;2
465793009000401;2
412382009005701;2
391838009003701;2
410670009005101;2
408867009006201;2
435944009003001;2
392173009004301;2
465014009000401;2
409232009001601;2
373604009004701;2
411848009003401;2
404254009002701;2
381714009006701;2
386915009002701;2
407607009003301;2
462739009000701;2
419864009008001;2
399053009003201;2
407144009003101;2
412382009006101;2
410468009007301;2
412429009003801;2
411898009006501;2
404113009003401;2
465635009000601;2
392942009003001;2
435944009003201;2
402460009008701;2
412275009003401;2
399938009002601;2
407582009004501;2
413366009003001;2
412194009002901;2
462586009000601;2
412102009004101;2
403867009002101;2
414190009003901;2
416795009003001;2
405496009004401;2
409802009002801;2
468528009000301;2
402814009003501;2
410955009006001;2
398388009003901;2
409194009003301;2
409165009005801;2
337572009007001;2
462731009000601;2
386919009006601;2
462320009000301;2
393022009004401;2
406012009002101;2
391630009005001;2
398081009005301;2
412382009005801;2
394845009007701;2
398388009004001;2
403818009009301;2
463085009000501;2
470534009000301;2
405476009003301;2
412382009005501;2
403818009009101;2
412417009006101;2
408053009002401;2
434831009004601;2
409679009004701;2
412303009004401;2
396373009002101;2
420482009007401;2
389438009006201;2
412825009007201;2
389438009006301;2
403837009002601;2
410113009004101;2
396296009001901;2
403808009007001;2
465793009000301;2
396413009015901;2
412345009004301;2
402944009002901;2
413854009003401;2
409758009003301;2
413858009001901;2
396279009003401;2
460425009001201;2
417317009002701;2
463085009000401;2
462586009000701;2
407040009004601;2
410874009005001;2
415222009003801;2
411848009003101;2
404072009003701;2
398831009009001;2
411077009004601;2
411848009002701;2
974331009004901;2
394679009006201;2
390899009005401;2
399438009007901;2
415808009005501;2
402403009003301;2
465028009000301;2
406283009006101;2
396313009005101;2
414189009004201;2
388979009004601;2
412382009006401;2
400065009004701;2
416854009002501;2
465028009000401;2
367540009005901;2
386987009004801;2
436735009003101;2
436619009002601;2
466676009000301;2
413854009003301;2
400612009003101;2
410670009005201;2
414359009002601;2
406369009004401;2
397501009006501;2
407497009004101;2
407806009003901;2
414809009003701;2
465405009000401;2
409612009005201;2
411848009003701;2
381714009006601;2
408059009004401;2
413733009002901;2
413733009003001;2
410874009005101;2
424464009007401;2
465002009000901;2
396279009003301;2
417317009002801;2
388697009005301;2
406254009003401;2
407544009002701;2
463989009000701;2
391463009009401;2
388697009005401;2
404072009003801;2
469061009000401;2
391630009004901;2
409878009003901;2
399860009005001;2
398814009004901;2
408334009002101;2
413346009003401;2
409069009004201;2
414224009005601;2
399825009005401;2
402555009004301;2
411168009004201;2
412941009006701;2
406099009004801;2
464065009000501;2
412382009005601;2
406561009009001;2
414209009003501;2
411848009002401;2
396279009003501;2
468528009000401;2
406356009002901;2
412382009006801;2
359603009002701;2
403818009009201;2
399875009003301;2
412022009004401;2
399881009003401;2
407898009003001;2
395238009005401;2
407415009001701;2
408306009005101;2
402381009005801;2
413491009001001;2
413489009004601;2
412768009003001;2
400863009003501;2
419864009007901;2
411898009006601;2
407310009005601;2
460216009000401;2
406101009002801;2
419102009002201;2
408568009004701;2
399866009005601;2
411848009003201;2
399871009002201;2
406384009005201;2
410010009005001;2
413317009005901;2
411848009002901;2
387864009004401;2
397139009005401;2
415222009003901;2
414165009004701;2
409160009004801;2
414760009003001;2
400070009006001;2
436619009002801;2
406356009003001;2
400387009007501;2
414755009005001;2
416734009003801;2
387864009004501;2
408956009004601;2
414867009004801;2
404947009004501;2
419170009004401;2
465622009000801;2
393724009004801;2
400351009003901;2
435969009003001;2
410973009007201;2
413830009003501;2
412223009002901;2
414637009004901;2
399330009005001;2
408529009004401;2
435969009003201;2
393724009004701;2
461185009000501;2
401786009002501;2
414755009005101;2
417317009003001;2
465002009000801;2
402620009004001;2
435969009002901;2
402615009002201;2
387183009004201;2
405339009005801;2
413885009002601;2
406236009007801;2
401128009004001;2
388988009002501;2
466924009001001;2
399330009004901;2
416779009002501;2
466676009000401;2
465289009000601;2
409811009002601;2
409356009008401;2
406099009004901;2
406238009003201;2
409890009002001;2
412382009006201;2
410010009005101;2
388979009004701;2
410740009002701;2
435969009003101;2
395838009003201;2
460216009000501;2
415779009003701;2
465622009000901;2
412827009002401;2
436619009002701;2
402615009002101;2
408625009005501;2
415762009005901;2
402601009003401;2
394774009004501;2
414489009003301;2
462307009000301;2
412825009007301;2
407995009007501;2
411848009002601;2
407200009002801;2
400494009006701;2
402944009002801;2
411102009002801;2
402577009002101;2
429960009003801;2
402555009004401;2
412382009006501;2
405370009005701;2
407176009004401;2
402733009004101;2
468404009000301;2
407153009003201;2
404655009006601;2
398081009005401;2
408333009004601;2
464487009000801;2
395163009006401;2
465014009000301;2
399866009005701;2
413492009001801;2
406509009001801;2
412382009006301;2
388096009006101;2
411077009004501;2
436735009003201;2
404115009004401;2
427153009000601;2
408705009005801;2
410859009005401;2
399945009005101;2
410903009005101;2
400387009007601;2
435834009002101;2
390757009008501;2
413999009003001;2
402601009003501;2
446830009002801;2
395363009008301;2
459178009000801;2
394728009005301;2
412340009002801;2
399411009006501;2
436735009002901;2
412420009007101;2
412458009004001;2
464238009000501;2
410814009003701;2
398388009003801;2
412116009002601;2
411848009002501;2
407490009002701;2
419078009004101;2
411747009003701;2
400606009004301;2
409165009005601;2
416458009004401;2
412674009002301;2
414096009003401;2
404135009004801;2
440843009004301;2
409114009002001;2
396040009005001;2
442119009002501;2
409612009005101;2
401273009003401;2
409469009003501;2
413992009003001;2
395261009004301;2
417317009002901;2
446830009002901;2
415719009003301;2
465703009000601;2
408046009004001;2
407672009002301;2
406038009004901;2
408867009006401;2
412564009005201;2
408568009004601;2
416859009003401;2
411437009003601;2
416734009003701;2
411541009005001;2
442119009002401;2
404602009006101;2
406271009003401;2
261370009004601;2
404625009003601;2
394774009004401;2
412382009006601;2
415779009003801;2
462313009000601;2
427584009009601;2
435969009003301;2
409646009004101;2
412971009000102;2
404541009000101;2
381714009004701;2
443886009000101;2
430144009000201;2
398081009000901;2
412971009000101;2
399142009003001;2
443886009000201;2
387239009000201;2
381714009004801;2
401125009000701;2
399674009000701;2
408306009002401;2
412050009003101;2
410136009000701;2
395320009001501;2
412303009003501;2
415089009002001;2
401283009002701;2
390757009001401;2
407952009001901;2
409638009000701;2
425907009000201;2
442119009000601;2
406283009000201;2
399866009001001;2
410647009003501;2
412290009000801;2
407913009002001;2
407044009001001;2
411118009001801;2
404156009000501;2
404156009000801;2
409030009003101;2
412223009000501;2
411791009000201;2
396413009007201;2
411100009003001;2
407318009002101;2
397139009002301;2
402271009001401;2
400432009001501;2
361143009001101;2
399768009002301;2
413969009001501;2
413755009001201;2
404149009001201;2
408975009001701;2
399945009001701;2
401214009001101;2
412368009002101;2
409160009002201;2
443997009001301;2
404225009001401;2
409444009002101;2
402593009000501;2
412469009002201;2
416735009003201;2
442119009000101;2
387038009001301;2
399871009000401;2
412809009000801;2
407997009000201;2
408705009001401;2
400459009000501;2
395030009000701;2
399930009000201;2
408090009000501;2
409424009001301;2
407565009003401;2
399142009000801;2
404759009001301;2
419078009001201;2
392019009000801;2
413324009000201;2
409494009002201;2
411874009001501;2
415762009003401;2
414101009000201;2
406412009001201;2
411077009001701;2
409424009000101;2
408705009001001;2
412186009004101;2
399866009000601;2
399825009001701;2
389872009000801;2
414746009002301;2
395796009001901;2
416620009001801;2
412257009000201;2
413613009000601;2
411199009002501;2
413492009001101;2
393795009000801;2
410889009001801;2
442977009000101;2
412458009000901;2
404156009002001;2
409222009000601;2
412564009000801;2
407659009000601;2
408333009000101;2
412186009000801;2
409125009001301;2
399871009000801;2
442283009000501;2
395340009003801;2
414224009001901;2
434353009000601;2
409866009001101;2
465461009000501;2
416848009000401;2
400741009000801;2
386902009001201;2
412144009002901;2
436735009002201;2
434624009000201;2
369453009000601;2
465084009000101;2
405841009001201;2
396068009002201;2
399847009001601;2
416620009002101;2
399941009001801;2
408306009002001;2
406384009003601;2
404023009001201;2
404602009001701;2
393813009000201;2
386916009001601;2
462716009000101;2
407803009001501;2
413896009001501;2
391591009001201;2
397912009002401;2
404115009001101;2
410893009002001;2
390507009001301;2
434291009002101;2
409931009001901;2
412366009001701;2
388591009003401;2
405702009000701;2
399881009000601;2
412432009000201;2
397501009002901;2
413403009001001;2
443997009000901;2
412035009000501;2
413581009003101;2
394102009002001;2
465057009000101;2
390021009001701;2
399867009002401;2
404290009000701;2
388995009000301;2
398585009001001;2
399866009001101;2
404142009001201;2
394827009001401;2
411194009001901;2
396627009003301;2
404533009000601;2
411724009001501;2
407077009000401;2
415056009000801;2
400638009002501;2
415440009002101;2
393856009000201;2
323332009001001;2
406410009002301;2
423686009001401;2
396915009000801;2
413477009001901;2
396281009002201;2
404947009000201;2
410157009001001;2
404607009000801;2
407200009001601;2
386915009001601;2
388988009000601;2
413679009000701;2
400684009002001;2
410814009000601;2
402600009000801;2
391987009001701;2
423046009002401;2
415083009000201;2
392350009000701;2
408636009001101;2
391302009003401;2
447125009000901;2
402555009002101;2
435944009000101;2
399825009001801;2
413621009002601;2
396627009002001;2
411520009000301;2
404427009000201;2
404427009000901;2
401764009002801;2
408716009000701;2
409160009000101;2
364772009002501;2
414476009000901;2
410953009001501;2
444803009002001;2
414196009000501;2
409544009000401;2
413308009001601;2
394454009002601;2
407915009000401;2
407867009001301;2
407923009000401;2
411545009000701;2
399400009001801;2
404183009000601;2
404433009000901;2
403765009000701;2
411859009000101;2
411545009001001;2
429012009000501;2
460662009000301;2
410885009001801;2
399438009004301;2
403846009001601;2
419999009000101;2
400767009001601;2
460912009000201;2
407916009000301;2
367540009002601;2
435944009001001;2
405496009001401;2
406299009002301;2
408931009000501;2
411849009001301;2
414153009000901;2
420485009002501;2
410524009002701;2
414773009000901;2
409339009001401;2
397912009000401;2
412417009001601;2
395685009001301;2
403563009001901;2
407991009001901;2
412366009001801;2
411255009000601;2
412116009001001;2
414637009002901;2
408699009001001;2
413361009001101;2
402030009001601;2
409393009002201;2
409758009002101;2
396097009001101;2
404562009000301;2
399714009001101;2
389047009000301;2
407565009003301;2
405375009001601;2
409669009001201;2
399881009001001;2
405946009001401;2
404041009000701;2
410338009002701;2
408038009001301;2
399945009000401;2
408956009002401;2
407023009002401;2
393653009003001;2
412827009001201;2
407011009001101;2
396413009005201;2
422790009000801;2
406207009000901;2
431027009000101;2
408881009001101;2
414755009001401;2
414893009001701;2
396296009000201;2
409800009000401;2
406927009002601;2
414637009001001;2
402621009001201;2
397754009000201;2
396263009001301;2
386916009002001;2
394121009001701;2
411664009002301;2
414189009002001;2
413855009001001;2
404096009000701;2
409398009001101;2
419888009000201;2
388659009001901;2
408053009000101;2
387239009002201;2
399768009000901;2
463974009000101;2
399881009001101;2
395691009001101;2
387940009001301;2
394679009001701;2
409541009000901;2
397326009002301;2
406412009001301;2
412209009001601;2
389908009000701;2
415755009003801;2
405642009000301;2
407168009000301;2
411874009001401;2
412346009002201;2
399930009001401;2
412186009003501;2
419102009000401;2
461452009002501;2
407025009002601;2
399296009001501;2
396101009001301;2
413621009002501;2
407899009001601;2
407462009000701;2
407023009001101;2
401134009001201;2
419113009000501;2
394827009001501;2
406383009003301;2
434831009002101;2
414893009001001;2
436075009001901;2
398585009000701;2
429014009000801;2
402814009001101;2
414754009001401;2
393688009001201;2
423686009000601;2
323332009002201;2
411995009000801;2
974331009001701;2
407995009002501;2
413930009001901;2
392942009000801;2
413513009001701;2
390757009000601;2
387183009000101;2
388110009000201;2
395340009003001;2
388667009002301;2
383168009001901;2
413896009001301;2
400867009003701;2
435969009000101;2
409069009000801;2
414905009001501;2
415755009002301;2
386944009001101;2
415371009001501;2
410812009002701;2
416910009000201;2
388008009001501;2
400670009000801;2
388591009001801;2
399850009000901;2
399828009002901;2
412821009000501;2
415808009000301;2
408498009002301;2
412768009001301;2
415053009001501;2
413308009000901;2
393856009002701;2
409758009001401;2
409144009001101;2
390020009002401;2
396915009001801;2
414929009001001;2
412186009000601;2
411708009002001;2
409745009002001;2
393789009000201;2
410630009001501;2
415056009002601;2
412223009001301;2
165077009000401;2
415762009002601;2
399828009002801;2
412011009000701;2
400387009001801;2
423099009000901;2
412564009002801;2
411245009002301;2
404602009002001;2
415907009001101;2
468209009000101;2
386906009000401;2
410478009001101;2
405314009002501;2
413755009001501;2
410113009002301;2
400144009002101;2
407911009000401;2
392350009000501;2
411545009002201;2
413474009002001;2
407881009000401;2
463452009000401;2
408159009000501;2
401929009000601;2
395340009001301;2
398570009000401;2
411450009003101;2
407497009000201;2
411210009001201;2
405373009001001;2
401378009001601;2
409931009002101;2
414974009000501;2
403621009003201;2
400664009000401;2
404453009000101;2
390507009001401;2
408334009000801;2
402832009000101;2
437058009001201;2
436619009001301;2
397133009003201;2
400667009000601;2
389872009000501;2
408953009001401;2
388300009001301;2
390677009002501;2
397912009000601;2
435263009001901;2
412082009002501;2
407077009000701;2
398409009001701;2
458321009000101;2
390244009000701;2
388667009000901;2
412179009000701;2
394679009000101;2
407906009001601;2
407911009001301;2
414019009001001;2
413647009002401;2
394979009001101;2
413733009000301;2
409544009003401;2
447125009004301;2
415371009000801;2
403861009001401;2
401134009001601;2
405347009001701;2
408733009001701;2
413834009001401;2
414822009003101;2
403867009001601;2
396313009000401;2
399772009000301;2
408032009000801;2
402695009001401;2
410893009001601;2
402889009000701;2
407952009002101;2
410590009000101;2
413176009001901;2
430106009000201;2
402610009001301;2
397148009001201;2
409156009001201;2
410953009002301;2
401165009000201;2
399924009003701;2
404088009000901;2
414179009001701;2
408569009000101;2
398688009001701;2
412825009002801;2
396440009003301;2
408901009000901;2
397677009001401;2
409149009002801;2
400961009001301;2
411859009001501;2
407901009000401;2
410872009001501;2
402600009000901;2
432525009000101;2
398831009003801;2
406927009002701;2
400219009004301;2
396068009002601;2
413308009001001;2
393653009001601;2
443194009000201;2
416411009001801;2
401128009000501;2
403621009003101;2
410478009001601;2
413513009000101;2
399411009002001;2
436735009001301;2
396068009001801;2
414111009000501;2
409544009002701;2
382635009002901;2
393022009000201;2
411161009001001;2
407033009001001;2
436735009000101;2
412840009000501;2
399425009000901;2
413647009001001;2
411450009002901;2
404254009001401;2
406101009001501;2
411530009002101;2
409391009001801;2
412346009000901;2
400193009001601;2
388096009000801;2
398406009001301;2
404562009000601;2
400187009001501;2
404147009000501;2
415325009002301;2
395261009000101;2
416411009001701;2
409880009000701;2
395363009002001;2
404625009000501;2
414822009001901;2
364584009000401;2
396506009001101;2
402733009001701;2
411541009002501;2
404499009001001;2
392996009003801;2
408537009000501;2
411931009000901;2
406356009000601;2
399299009000201;2
414929009001601;2
408628009000201;2
401689009000901;2
393791009000801;2
406410009000701;2
400841009000901;2
409391009000801;2
408628009000801;2
388096009003001;2
407023009002501;2
406300009002401;2
410561009000601;2
404088009000401;2
412144009000301;2
392957009000301;2
414476009003001;2
411530009002401;2
401745009000401;2
398448009003101;2
408102009001801;2
406927009002501;2
415129009001901;2
415755009003301;2
407010009000601;2
411083009003001;2
396040009002301;2
399976009003001;2
395340009003601;2
409638009000801;2
390599009002701;2
402877009001901;2
400962009001601;2
414196009002501;2
461351009000101;2
442283009000401;2
412056009001401;2
389647009002101;2
431629009000101;2
431629009000801;2
436075009001801;2
406300009001501;2
412825009000201;2
433394009000301;2
413567009000401;2
414153009000501;2
400187009001401;2
394283009001401;2
408913009000801;2
408907009000501;2
393795009001101;2
386976009000401;2
400494009001701;2
410941009000601;2
410814009000501;2
393856009002801;2
394827009002101;2
404623009002201;2
403621009003301;2
410894009000401;2
408916009002601;2
411761009000501;2
408313009000301;2
413855009001101;2
402600009000401;2
391302009003601;2
413647009001601;2
463452009000402;2
407881009001301;2
408498009002401;2
406038009002501;2
411872009000401;2
397148009001001;2
395238009000701;2
410554009003101;2
414061009000301;2
411829009001701;2
398760009000301;2
431629009000601;2
410769009001101;2
412417009001701;2
415557009000501;2
412825009004101;2
411246009004401;2
400841009002301;2
407010009001001;2
409366009000801;2
400344009001601;2
399413009003501;2
419091009000901;2
413894009000801;2
407807009002201;2
392173009000101;2
412209009002101;2
405691009001501;2
396506009002201;2
436619009000101;2
400953009001401;2
387308009000601;2
409544009002601;2
435969009000801;2
388110009002401;2
412649009000401;2
409781009001301;2
399924009003401;2
408656009001401;2
388008009001901;2
413613009001201;2
393813009001101;2
387841009001201;2
417459009001701;2
413999009000801;2
409953009001701;2
414167009001601;2
409393009001201;2
407848009002001;2
414194009001601;2
394845009004001;2
398570009000301;2
404361009000801;2
386773009002401;2
400841009005401;2
407794009002601;2
407557009001201;2
407867009000401;2
397677009004601;2
165077009002001;2
409560009000301;2
407408009001601;2
401831009002101;2
387993009000801;2
409745009002101;2
412845009001501;2
447110009001301;2
402597009001801;2
412578009000901;2
407865009000401;2
407878009001301;2
412825009002701;2
400144009002001;2
413733009001001;2
436735009000501;2
389517009000701;2
413436009001301;2
419108009000701;2
407993009000201;2
407872009001401;2
426650009000701;2
398409009002501;2
406300009002201;2
412366009003201;2
400494009002301;2
399164009000101;2
413621009001401;2
415054009000301;2
424795009000101;2
405950009001301;2
407835009000901;2
410894009001401;2
396463009001501;2
389140009001501;2
435834009001501;2
399656009000901;2
394728009002701;2
411100009001601;2
417470009001201;2
400060009002501;2
409393009004801;2
401134009002801;2
412393009001601;2
410554009001101;2
405375009000701;2
412746009002801;2
395030009001301;2
393022009000901;2
409339009000201;2
411959009001001;2
405691009000601;2
414343009002701;2
411542009001501;2
394454009001401;2
402829009001901;2
402621009000201;2
439723009000501;2
394860009000801;2
401296009001901;2
399413009001301;2
401321009000401;2
407917009000101;2
403889009002001;2
396101009002401;2
396413009009501;2
392942009001001;2
408906009002401;2
407860009001601;2
404670009001901;2
396040009002501;2
402737009000201;2
367540009000601;2
436690009000401;2
392870009001401;2
407356009000901;2
412674009000901;2
467243009000201;2
404662009000101;2
395388009000901;2
397677009003401;2
395345009002501;2
414385009001901;2
414360009000501;2
396413009000501;2
413308009001201;2
388988009000401;2
406236009000401;2
401831009000101;2
393079009000101;2
397304009000101;2
409101009000701;2
402695009001301;2
402600009001101;2
396269009001601;2
387038009001001;2
403753009003601;2
399648009002001;2
401831009001901;2
407901009001301;2
399828009002401;2
409679009003201;2
399647009001401;2
414822009000801;2
407899009001301;2
414728009000201;2
408306009002501;2
408306009002901;2
411602009001201;2
410808009001801;2
402834009001801;2
404547009001501;2
395245009000501;2
414913009000901;2
400193009000101;2
395345009002401;2
407898009001401;2
465828009000101;2
404658009001301;2
416735009003301;2
404705009000101;2
394827009001301;2
404354009001901;2
409800009000601;2
409953009002101;2
457228009000101;2
401378009001201;2
414806009000201;2
387757009003101;2
440948009002201;2
420109009000501;2
390677009002201;2
414196009001801;2
415762009000601;2
411664009002401;2
390757009000401;2
400867009003801;2
410594009002301;2
412941009000201;2
399648009002101;2
395373009001401;2
407939009002201;2
409560009000101;2
409549009000301;2
395373009000401;2
405704009001001;2
397328009000801;2
402865009001201;2
404290009000201;2
404562009001901;2
400187009003001;2
398831009003701;2
398585009002101;2
415808009001801;2
399279009000201;2
436070009001101;2
401214009000201;2
413709009001401;2
407800009000401;2
429012009001901;2
400210009000101;2
413842009000901;2
413317009000901;2
412368009000801;2
399714009001901;2
409444009001301;2
410885009001701;2
411446009002801;2
416479009000801;2
387993009001701;2
415808009001001;2
399976009003101;2
407997009000501;2
404670009001101;2
404156009000401;2
406300009001401;2
408090009001501;2
407432009001601;2
414359009001001;2
393856009000101;2
406068009001201;2
413609009002101;2
389456009001301;2
410812009002201;2
399924009001601;2
414867009001101;2
406465009000901;2
410561009001501;2
414698009001901;2
413561009002401;2
414773009001801;2
396463009001901;2
408154009001501;2
404115009001801;2
406994009000801;2
413915009001901;2
405244009000601;2
409981009001701;2
410594009002701;2
409557009001301;2
414096009000501;2
399878009001901;2
462446009000301;2
390677009001301;2
400070009001601;2
388697009003501;2
391591009000801;2
427913009001401;2
410113009000701;2
406930009001001;2
396627009001801;2
405348009003301;2
400841009006401;2
404937009001401;2
462765009001401;2
405704009001101;2
408017009001001;2
411728009000601;2
412082009001301;2
411194009001501;2
414727009001601;2
406932009000801;2
409992009000101;2
408305009001301;2
411085009001501;2
414727009001701;2
410439009000901;2
401283009004601;2
407044009001501;2
400841009003401;2
414754009007101;2
397677009000201;2
415500009001301;2
401378009000901;2
466368009000101;2
400962009000101;2
413969009001901;2
411530009002301;2
394895009000701;2
443191009001501;2
413567009001101;2
388591009001001;2
444803009002801;2
410763009001001;2
463323009000101;2
409833009000501;2
401296009002501;2
412702009002901;2
394256009001101;2
433234009002201;2
409628009000401;2
407168009002501;2
387993009002501;2
399648009002201;2
414990009001901;2
411620009002301;2
411620009004501;2
388667009001401;2
414728009001901;2
412828009000501;2
402737009002501;2
413894009002201;2
397501009001601;2
402597009001501;2
463860009000101;2
411664009001401;2
407913009002201;2
410973009004201;2
414224009001801;2
413367009000101;2
395450009002301;2
412768009002201;2
395340009004301;2
414809009001001;2
446466009000801;2
405348009002401;2
411134009001001;2
405259009001101;2
406233009001201;2
402597009001901;2
414315009002401;2
402818009000101;2
401776009001201;2
399825009001101;2
417447009001601;2
411191009003701;2
414884009001101;2
404562009000501;2
394084009002401;2
399053009000501;2
389517009000401;2
404667009001001;2
413956009001401;2
416854009000901;2
423301009001501;2
394256009001001;2
409356009005801;2
404361009002401;2
406551009003001;2
403799009002201;2
409863009001801;2
399164009001401;2
392727009000101;2
398173009001401;2
407918009001301;2
410594009002201;2
407879009000401;2
401720009002901;2
411976009001301;2
415024009001201;2
411664009000701;2
403808009000501;2
414727009002001;2
394679009000601;2
410507009000901;2
398760009000601;2
398760009003601;2
403944009000201;2
401786009001801;2
427471009001701;2
406920009002501;2
409884009001001;2
407900009000401;2
406300009000401;2
388008009001101;2
400187009003501;2
411424009002001;2
409630009001901;2
398814009002501;2
411987009001001;2
434831009001801;2
408159009001101;2
407408009001501;2
407318009002001;2
409437009002001;2
400387009003901;2
387277009000101;2
412037009001801;2
410439009002301;2
410590009001901;2
408273009001301;2
404183009000501;2
409832009000201;2
381714009000101;2
413229009000801;2
413366009001301;2
405259009000401;2
417306009000601;2
400114009001901;2
413574009000901;2
402381009000701;2
447110009001201;2
399768009000201;2
405496009000101;2
405691009000201;2
410554009001901;2
412179009002201;2
409552009001701;2
400351009001101;2
411025009001001;2
408881009001601;2
414806009001601;2
407023009000801;2
398814009002701;2
415004009001301;2
400961009001401;2
401134009002501;2
414183009001801;2
414773009001001;2
397677009003301;2
410478009001801;2
413994009000801;2
412186009004001;2
400703009000101;2
414019009000301;2
400187009002301;2
411541009003001;2
398132009000901;2
400387009003401;2
407906009001301;2
399714009000401;2
407880009000401;2
427584009002401;2
419111009000901;2
403765009001501;2
404308009001801;2
409555009002501;2
415755009001801;2
436070009001601;2
409069009001701;2
399828009000801;2
398081009000101;2
434560009001401;2
409391009001301;2
407168009002201;2
408705009001701;2
409160009000501;2
412102009000801;2
414496009001301;2
415971009001701;2
400331009000101;2
403867009001701;2
414306009000701;2
415371009000901;2
397098009001501;2
409005009001101;2
399930009001101;2
410468009001601;2
397304009001101;2
434624009002201;2
432685009000101;2
402703009001101;2
413896009001401;2
397501009003101;2
399846009000301;2
400841009002901;2
396413009009401;2
409016009002501;2
400670009001101;2
407200009001001;2
412050009002601;2
414189009000101;2
409356009002501;2
388089009001801;2
409156009000901;2
414698009002001;2
404156009002401;2
407997009001601;2
402818009002301;2
399871009001601;2
406907009000401;2
414727009001901;2
411995009000901;2
400867009001601;2
401720009000701;2
407356009001101;2
406416009001201;2
408159009000701;2
411859009001101;2
412469009001601;2
430457009000901;2
400564009001401;2
404429009000701;2
411642009001101;2
420482009004501;2
414884009002001;2
395438009001501;2
409030009002801;2
406238009001001;2
404565009000401;2
434560009001201;2
410460009000501;2
467955009000101;2
402744009001301;2
408625009001601;2
409801009002001;2
409016009001501;2
413324009001101;2
413530009000401;2
412768009000101;2
412382009001101;2
403861009001501;2
406283009001001;2
413709009002601;2
406383009001701;2
419983009000501;2
401303009000201;2
410468009004501;2
383283009002201;2
393892009004401;2
411083009002701;2
411100009001401;2
397167009002601;2
396248009001801;2
397754009001601;2
406207009002401;2
415057009000301;2
406300009003301;2
409566009000501;2
410590009000401;2
411246009001201;2
407997009001501;2
395685009002101;2
408154009002701;2
396413009006701;2
402703009000801;2
401764009002901;2
439688009000201;2
392037009004101;2
401165009000301;2
407096009000101;2
410519009000701;2
466263009000101;2
410726009000401;2
406283009002001;2
395668009002901;2
410478009002801;2
406930009000801;2
405373009000401;2
404925009002601;2
399867009002101;2
412458009001001;2
406038009002301;2
401428009000601;2
399885009001301;2
414637009001201;2
410808009001901;2
394256009000901;2
413915009001101;2
408313009002001;2
397133009001101;2
396627009002501;2
412094009001501;2
387757009002901;2
398688009001001;2
409707009000201;2
407913009001501;2
400344009002301;2
408906009001901;2
411108009000501;2
405691009000701;2
388096009000601;2
415489009000801;2
414204009001401;2
427584009003001;2
413733009001601;2
409308009000101;2
395030009000801;2
400494009003801;2
422460009003101;2
412491009000701;2
411664009000601;2
410594009002601;2
394862009001201;2
414693009001401;2
413436009002301;2
402703009000701;2
410319009002701;2
410554009003001;2
408906009000101;2
404947009002901;2
409146009000801;2
420482009000601;2
395261009001701;2
404607009002001;2
399400009001901;2
412303009001401;2
402042009001301;2
433972009001001;2
391838009001301;2
411129009000501;2
409801009000101;2
397985009001901;2
399439009002501;2
411234009000601;2
415056009002301;2
404156009000701;2
404453009002301;2
419497009001301;2
461351009000201;2
405691009001601;2
410816009001501;2
395668009001301;2
401831009001301;2
412401009001201;2
409030009000101;2
434560009001301;2
412573009001101;2
412564009002901;2
399674009000501;2
404149009000501;2
413452009000301;2
390020009001901;2
399864009000501;2
387999009003001;2
409758009001301;2
408306009002301;2
415088009000801;2
412768009001101;2
402632009000401;2
414303009002101;2
402625009001401;2
361143009003401;2
408844009002401;2
387999009000901;2
387841009001101;2
407807009001601;2
409988009000801;2
412418009000901;2
406551009001101;2
402737009001301;2
414343009001701;2
407916009001401;2
401824009004101;2
412840009001901;2
407697009000101;2
394454009001201;2
413992009002101;2
393892009002501;2
436619009000701;2
411100009000901;2
364772009000201;2
399436009001701;2
410943009000101;2
400953009001701;2
402834009002101;2
412845009001401;2
412405009002301;2
409356009001701;2
409356009001801;2
260395009001801;2
408901009001601;2
412837009000201;2
409800009001901;2
413755009001001;2
393797009001201;2
398130009002101;2
396281009002101;2
419113009000901;2
403889009001001;2
420485009001601;2
397501009001701;2
412827009000201;2
413299009001801;2
419113009001001;2
412401009002301;2
410814009001901;2
398448009001301;2
411478009001201;2
395782009001501;2
392735009000201;2
412417009001801;2
402944009000101;2
394084009003601;2
401378009000801;2
414990009002201;2
402818009000201;2
410973009001001;2
407918009001601;2
410458009001001;2
414096009000301;2
411478009002001;2
392350009001201;2
413362009000801;2
397326009002501;2
407995009003901;2
410590009002701;2
412971009000901;2
388300009000901;2
388659009001501;2
410468009001501;2
439688009002901;2
395806009003301;2
364772009002401;2
398860009001301;2
401303009001701;2
401283009001801;2
410458009001201;2
409986009001301;2
427584009002301;2
410472009001101;2
443191009001601;2
407930009001201;2
399053009000101;2
414760009001701;2
408462009000301;2
393813009001001;2
408656009001201;2
398142009000501;2
410545009000501;2
411791009000101;2
410157009001101;2
387228009000601;2
405946009000601;2
394121009001501;2
404156009001401;2
414752009001801;2
414189009001801;2
405373009002001;2
408568009001801;2
415021009002101;2
402601009000901;2
412768009002301;2
396248009000101;2
391131009002401;2
410740009001501;2
411108009001601;2
411708009001801;2
397148009000301;2
408154009002601;2
409751009000101;2
409069009000401;2
400515009000801;2
426875009000201;2
410906009000601;2
401303009001901;2
399438009004801;2
392350009001701;2
410561009004601;2
414304009002301;2
460919009000101;2
463210009000101;2
415083009000801;2
406356009001401;2
401745009000201;2
394283009004201;2
390021009001801;2
405704009000101;2
392870009000701;2
433565009001401;2
415222009002001;2
409866009001001;2
414203009001701;2
429012009000301;2
386773009001101;2
415907009000601;2
414304009001601;2
427444009000501;2
407025009000801;2
387204009001101;2
394979009001401;2
414974009001701;2
414867009001901;2
416479009002001;2
404625009002201;2
404433009000301;2
391302009003801;2
403909009002501;2
411191009003601;2
411959009002101;2
420485009003101;2
405642009003001;2
419497009001601;2
415057009000201;2
408822009001501;2
408102009001101;2
407432009002501;2
387879009000701;2
388008009000501;2
393793009000901;2
409662009001001;2
413824009001301;2
410894009001701;2
412564009000701;2
410647009003901;2
410893009000301;2
404213009001401;2
403765009001001;2
406124009001901;2
412150009001801;2
409555009001601;2
410859009003001;2
387228009001201;2
409824009001101;2
398130009001101;2
323332009000301;2
404338009000701;2
402818009002201;2
406300009002501;2
412303009003601;2
412366009001601;2
414974009001501;2
404156009001801;2
443937009000201;2
393746009003301;2
390757009002301;2
465461009001901;2
429960009001301;2
419170009001201;2
413894009002101;2
409781009003301;2
412469009001901;2
401303009001601;2
407991009003101;2
413574009000801;2
396269009003001;2
409987009000601;2
410554009001001;2
413301009002301;2
404213009001801;2
391591009000901;2
411664009001301;2
464466009000301;2
409335009000301;2
411542009001101;2
409943009001601;2
433234009001901;2
420035009001701;2
420035009001201;2
410234009001301;2
388089009002801;2
423052009000401;2
409931009000901;2
394084009001301;2
388110009000301;2
397154009002701;2
409526009001201;2
407694009000501;2
407033009000801;2
359603009000801;2
387737009002301;2
413830009001101;2
399976009001501;2
399439009001501;2
394256009000801;2
396101009002701;2
409444009000701;2
413574009002501;2
419497009001201;2
423099009000401;2
413896009003401;2
408844009003601;2
423046009001101;2
414493009000601;2
412417009000701;2
434289009001701;2
419864009000901;2
411083009001701;2
412469009002101;2
408656009001101;2
415762009002701;2
410234009001601;2
404290009000101;2
399864009001801;2
420066009001901;2
410001009000601;2
412837009003001;2
413635009000601;2
409758009000201;2
401764009004701;2
398173009000901;2
404533009001301;2
407801009000501;2
414111009000601;2
413581009001201;2
407176009001201;2
394860009002501;2
413896009003001;2
419983009002001;2
389047009001101;2
407408009001101;2
409678009001001;2
396506009002801;2
400070009000901;2
407905009000301;2
457726009000201;2
411246009000601;2
408965009001301;2
411134009003001;2
411728009001101;2
399679009001001;2
391981009002501;2
413756009000201;2
407835009001901;2
412842009002501;2
413231009001301;2
464920009000101;2
389408009001401;2
411728009001001;2
392266009000801;2
439688009002801;2
404254009000901;2
411872009003901;2
413602009000301;2
410234009001701;2
409254009001001;2
411245009000801;2
323332009000401;2
397148009003201;2
403621009003401;2
435944009000901;2
411077009001801;2
404562009000201;2
414757009000601;2
398831009002101;2
436070009000101;2
396101009000801;2
387308009000501;2
407930009000501;2
396896009001101;2
393079009001501;2
413271009001901;2
407025009001401;2
412366009001901;2
398448009002201;2
402883009002601;2
392173009002001;2
401720009002801;2
465714009000101;2
415557009000401;2
406551009001301;2
387940009001701;2
404206009001401;2
410647009004301;2
419111009001301;2
399812009002601;2
404149009001801;2
402610009001701;2
406254009001401;2
398465009002501;2
461270009000201;2
411959009000901;2
411849009000101;2
423046009002301;2
402555009001801;2
410763009001201;2
409300009001601;2
400144009002501;2
406384009003701;2
427913009000901;2
406369009003101;2
427471009001101;2
404191009001901;2
416483009001101;2
413609009001101;2
391975009003201;2
389970009002501;2
409233009000101;2
415054009000201;2
415500009002001;2
400680009001001;2
409160009001801;2
413894009002001;2
399935009001701;2
413824009001401;2
388680009003201;2
408046009001501;2
410874009001801;2
412333009001001;2
387260009001901;2
414304009001001;2
394695009000701;2
412340009001501;2
413232009001501;2
404113009001701;2
400564009000801;2
403846009001501;2
407860009000801;2
423052009001101;2
411542009001001;2
387183009001101;2
399142009000101;2
404290009000601;2
400344009002001;2
394102009001301;2
402748009000101;2
400193009001001;2
396068009001101;2
409833009000101;2
396269009000201;2
411849009000601;2
410973009001701;2
443190009000101;2
411541009000101;2
409149009002701;2
410460009000201;2
426179009000101;2
409393009001101;2
399850009001501;2
411789009002201;2
415347009001001;2
411545009002801;2
409557009001001;2
414493009001401;2
411025009001901;2
412334009001001;2
395719009000101;2
413350009001401;2
398170009002101;2
411829009001601;2
406300009003001;2
409781009001201;2
407168009002001;2
408333009002701;2
435512009002401;2
386773009003101;2
412971009001001;2
395668009001001;2
404111009000801;2
409551009001201;2
412368009001401;2
395238009002201;2
392870009000501;2
403861009001801;2
392996009003601;2
408822009001401;2
427913009000101;2
414975009001601;2
409678009000801;2
402610009001401;2
413896009000401;2
450742009000101;2
405348009000901;2
391302009003501;2
460729009000101;2
395691009000101;2
413362009001301;2
402834009001701;2
396279009000201;2
402600009000101;2
404565009001101;2
413875009000101;2
390020009001401;2
399176009001601;2
414893009001301;2
399279009002301;2
393793009001201;2
393864009003501;2
399935009001001;2
404947009002801;2
406300009003601;2
406300009002301;2
390757009003001;2
394895009001301;2
407835009001501;2
404308009001501;2
395685009000201;2
408498009000101;2
410338009002801;2
434333009000901;2
397148009001601;2
412429009000101;2
412360009001801;2
407694009000901;2
409495009001201;2
397148009003301;2
397304009000501;2
409802009000701;2
260402009001701;2
408305009001901;2
408540009000701;2
406238009000901;2
364584009000301;2
410458009000201;2
402831009000801;2
407582009001401;2
410859009002201;2
407168009002301;2
400841009002001;2
414190009001201;2
414239009000901;2
413635009001401;2
414183009001301;2
417166009001001;2
406932009000201;2
403753009003501;2
395030009003201;2
410157009001401;2
417447009000101;2
408737009000401;2
413574009001601;2
414773009001501;2
409393009002101;2
462535009000101;2
400649009001301;2
410590009000501;2
440361009000201;2
413324009000901;2
414164009002201;2
414385009001401;2
414343009002801;2
411446009003401;2
408038009000301;2
412050009000701;2
386995009000901;2
411857009001901;2
402737009001201;2
399926009000501;2
403753009000401;2
408568009001001;2
414359009000301;2
402628009001401;2
404587009001401;2
415022009002101;2
404041009000801;2
394454009001901;2
387940009002401;2
402831009001801;2
409813009002501;2
404705009001201;2
415075009000101;2
414306009002101;2
423052009001701;2
428986009000801;2
410906009000901;2
416342009001401;2
393892009002401;2
435263009000801;2
434353009001101;2
406383009002801;2
387228009002201;2
394400009000301;2
400649009001201;2
432155009000102;2
405244009001101;2
407491009002601;2
399413009003001;2
405376009001101;2
400841009002701;2
395806009001901;2
399761009000901;2
406529009001501;2
410906009001601;2
387277009001101;2
393797009000901;2
388995009001601;2
406275009000701;2
414294009000501;2
407462009000201;2
409544009000501;2
409997009000201;2
413971009000301;2
419111009000401;2
404361009001901;2
408659009003301;2
409859009001301;2
387940009000201;2
393809009000301;2
413999009000701;2
408529009001101;2
415779009000501;2
408537009000401;2
413366009001201;2
413489009001501;2
414194009002201;2
403861009001201;2
444803009000401;2
400606009002701;2
413324009001001;2
413894009000701;2
417086009001001;2
398132009006401;2
405642009002901;2
409884009001901;2
414385009000601;2
415087009000801;2
407847009000101;2
410495009002401;2
409469009000801;2
413969009002001;2
412907009001501;2
395668009003001;2
409356009002601;2
412444009001701;2
399886009000501;2
386916009001101;2
406369009003001;2
410769009001801;2
387859009001501;2
389356009001101;2
393813009000301;2
407829009000301;2
393798009001501;2
410621009002001;2
424909009000101;2
389908009000301;2
443190009000801;2
414163009002001;2
403809009000501;2
396627009001901;2
394102009000701;2
408202009000101;2
412578009000801;2
398831009002201;2
414754009001901;2
402403009002201;2
413350009000701;2
408815009001801;2
405348009000101;2
399400009000201;2
413574009002301;2
409016009002401;2
461452009001401;2
407100009001901;2
395806009002001;2
393688009001801;2
402755009001801;2
400841009004301;2
407991009002001;2
409646009000601;2
403918009001301;2
409339009001301;2
407872009000301;2
407898009000301;2
401745009000801;2
412405009001101;2
412401009000801;2
411857009001801;2
409101009000401;2
408540009000601;2
415808009002301;2
393805009002801;2
395245009001301;2
414165009000201;2
410859009002101;2
405376009000801;2
406238009001701;2
412807009001901;2
391987009001601;2
402615009001201;2
412257009002301;2
414493009000701;2
390757009001301;2
381714009001301;2
406932009000701;2
410647009004401;2
422663009002101;2
394860009000101;2
411987009001301;2
411199009000201;2
396281009002901;2
395782009000101;2
399439009000801;2
386661009000301;2
407694009000201;2
460425009000101;2
404156009001001;2
404453009002101;2
415075009000201;2
409005009001001;2
407848009003101;2
405259009000501;2
410524009002601;2
435834009000101;2
410726009002001;2
409016009000801;2
427586009000101;2
398585009001601;2
415489009001901;2
387940009002101;2
435263009000901;2
399385009000901;2
401293009001601;2
413956009001501;2
412825009001101;2
407829009001401;2
436070009001201;2
405259009000301;2
410763009001101;2
400841009003001;2
396068009002401;2
400841009002801;2
400193009001501;2
411234009000701;2
407878009001601;2
388241009002001;2
401689009001601;2
404191009002801;2
402621009001601;2
405997009001201;2
392037009003101;2
397754009001801;2
409444009002201;2
432155009000101;2
407491009004201;2
414165009002401;2
406236009002101;2
404453009001701;2
389408009000901;2
399864009001301;2
413993009001001;2
393791009001101;2
405339009001901;2
404225009001501;2
414315009002501;2
407866009000401;2
411267009001701;2
409003009002201;2
413581009003001;2
414476009001901;2
409634009001801;2
419864009003501;2
396097009002101;2
402703009001001;2
402733009001801;2
411199009002101;2
407020009002001;2
407415009000101;2
413754009000901;2
412845009000801;2
420160009000301;2
409800009002101;2
413621009001301;2
435969009001801;2
446466009001001;2
410458009000101;2
459222009000101;2
369453009000701;2
407905009001401;2
414183009000801;2
387737009002501;2
412303009003101;2
403889009003501;2
412649009000601;2
399142009000901;2
410338009002201;2
409963009002001;2
410162009002401;2
399714009002801;2
410960009002001;2
412941009001301;2
409992009001001;2
405642009002201;2
402829009003001;2
414239009001701;2
410889009000601;2
411930009001001;2
401283009004501;2
408606009000401;2
407582009000701;2
411478009001701;2
406529009000901;2
396413009008801;2
409437009001901;2
414603009001901;2
408972009002901;2
465461009002901;2
412368009001301;2
412194009002001;2
412405009001301;2
409280009000801;2
457228009000201;2
416342009002101;2
392996009002501;2
414861009001701;2
416917009000101;2
402944009001001;2
407497009000601;2
409985009000801;2
440843009000101;2
396585009001201;2
392996009002401;2
408537009001601;2
411210009000201;2
402832009000401;2
410468009002301;2
413969009000801;2
412564009000101;2
404623009000401;2
408031009001001;2
414321009000801;2
410647009002301;2
409985009000901;2
407025009000601;2
408305009000901;2
413560009000901;2
408019009001001;2
388183009003001;2
406058009000601;2
399935009001401;2
404925009000201;2
409953009002001;2
412401009001001;2
404115009000401;2
398126009002001;2
400670009001801;2
410561009004501;2
407310009000801;2
400065009002501;2
463985009000101;2
413517009001401;2
415779009000601;2
407706009000101;2
391131009001101;2
396627009001501;2
387167009001201;2
399941009000201;2
403992009000101;2
406283009002301;2
404213009000301;2
410468009002101;2
413992009002001;2
406561009004401;2
400841009006201;2
394845009004301;2
411430009002501;2
400494009000501;2
392266009000401;2
413956009001101;2
419983009002101;2
408306009003501;2
400643009000901;2
410657009000101;2
404587009000701;2
412028009001601;2
395685009000901;2
414729009000601;2
412429009000401;2
399425009001101;2
386995009000601;2
408599009001101;2
407807009002901;2
411859009000501;2
404143009001601;2
408059009000501;2
412303009000601;2
408636009000101;2
411875009000101;2
409393009002801;2
423040009000801;2
419091009001201;2
414315009002801;2
409003009001801;2
412144009002701;2
393653009000901;2
409679009003101;2
434348009000201;2
395796009000601;2
409679009001401;2
388300009001601;2
411529009000501;2
260402009000201;2
400407009000601;2
405496009000901;2
413560009000201;2
423186009000201;2
391463009004901;2
361143009000901;2
411987009000201;2
408109009001001;2
406138009000801;2
399866009001601;2
409549009000101;2
408906009001701;2
409356009002401;2
409457009000401;2
398831009002301;2
401831009001201;2
402872009000401;2
412746009002001;2
410894009000601;2
391302009003901;2
411446009000101;2
386906009000101;2
407847009001001;2
404254009001001;2
413581009003201;2
400841009004701;2
387993009001101;2
411125009002601;2
398860009000901;2
397304009000401;2
406099009001701;2
401831009000801;2
410468009003501;2
398585009001201;2
406465009001901;2
409156009000201;2
399976009002801;2
400649009001101;2
400459009000201;2
411542009001201;2
397677009003701;2
408502009001501;2
410590009002001;2
404206009001801;2
397745009002001;2
409813009000301;2
408881009000101;2
404041009001801;2
412444009000701;2
405950009002101;2
415075009002501;2
414177009000101;2
373604009003201;2
408628009001801;2
412396009000201;2
395780009000101;2
400680009001601;2
412186009003101;2
407807009001501;2
416342009001001;2
420066009000901;2
386915009000201;2
433565009001701;2
391432009003401;2
407408009001201;2
415489009000401;2
409557009001601;2
406139009001401;2
405781009001101;2
406920009000701;2
411085009001001;2
412275009000101;2
415755009001001;2
407939009001501;2
412363009000401;2
424464009001601;2
399921009001301;2
405814009002101;2
465092009000201;2
397148009001101;2
412649009002001;2
397167009001301;2
411111009000101;2
434291009001401;2
402271009000901;2
407200009000201;2
394675009001701;2
402610009001501;2
407582009001701;2
410162009001001;2
409931009002401;2
408273009003001;2
412573009000801;2
397113009000301;2
392037009003001;2
414340009001401;2
407153009001501;2
402381009000601;2
409356009001501;2
397284009000101;2
394641009000401;2
394515009002001;2
401283009005201;2
394267009000701;2
414822009002401;2
416411009001001;2
402555009001301;2
396040009000201;2
400114009001201;2
408931009000301;2
429960009000901;2
429203009000401;2
409679009001301;2
411085009001101;2
403808009000301;2
414340009000601;2
391432009003601;2
414752009001101;2
414343009002601;2
400494009000301;2
409030009001701;2
394860009001301;2
412840009001601;2
406283009001201;2
415083009001101;2
413123009000101;2
387859009002001;2
410478009001301;2
442977009000701;2
394979009000101;2
323332009001601;2
360090009000401;2
412578009002301;2
406225009001501;2
412417009001001;2
407025009001501;2
413956009002001;2
414164009002101;2
406551009003101;2
400670009001701;2
407033009000201;2
392350009001601;2
401005009000301;2
411849009001201;2
408306009001101;2
411450009003801;2
460662009001101;2
399930009001001;2
408867009000901;2
408699009001401;2
400684009000101;2
412321009001701;2
388089009001701;2
407930009001301;2
402872009001201;2
411747009001501;2
410960009001901;2
414059009000801;2
402883009000101;2
412102009001201;2
399812009001101;2
395345009000801;2
411541009000701;2
404515009000701;2
407010009000801;2
402615009000401;2
402889009000901;2
399647009000901;2
402834009001901;2
415500009000301;2
404893009000901;2
399656009002201;2
414194009002901;2
409989009000401;2
390899009002201;2
411530009001201;2
399938009001101;2
409985009001001;2
400387009002901;2
415129009001001;2
413403009001101;2
404547009000101;2
396101009000401;2
404947009002501;2
409160009000401;2
404937009001801;2
406529009001701;2
405691009002101;2
415899009000401;2
408844009002501;2
412346009000101;2
397139009000401;2
391981009000201;2
401303009002301;2
414476009001801;2
360090009002201;2
412980009000101;2
413830009002201;2
413393009001901;2
400819009000101;2
415075009002001;2
408010009000901;2
397328009001701;2
406038009002401;2
419938009002001;2
410155009000201;2
405376009000201;2
414861009001001;2
407964009000101;2
393022009002101;2
412022009001601;2
410903009001701;2
395345009000301;2
409420009000901;2
400187009001901;2
411210009002201;2
414853009000101;2
413301009002201;2
413992009001001;2
410877009001301;2
401134009001101;2
395012009001601;2
411791009001301;2
388110009000101;2
413647009002201;2
388183009002801;2
400612009001601;2
400065009003201;2
393724009002401;2
410769009000501;2
413561009001301;2
405821009001101;2
409005009000101;2
412469009000201;2
408815009001401;2
394675009001801;2
400612009001501;2
391987009003501;2
399987009000701;2
401428009000701;2
397154009003201;2
406437009000101;2
404201009000201;2
401679009001201;2
399648009000201;2
404142009000301;2
403918009000401;2
400841009000801;2
406236009000301;2
463378009000101;2
404433009002601;2
406551009003601;2
410590009001101;2
413896009000901;2
415021009000101;2
410468009003901;2
407902009000601;2
407787009001701;2
411791009001401;2
404115009002701;2
434353009000101;2
400741009002301;2
408972009000201;2
364772009000701;2
409781009003201;2
398170009002401;2
409863009000301;2
409555009001101;2
411789009000101;2
404149009000901;2
410157009001501;2
413308009000501;2
396506009000201;2
412393009000101;2
399828009000101;2
409811009000301;2
389872009000401;2
419938009001901;2
411450009003901;2
414203009001101;2
407011009000701;2
394679009001001;2
412941009001101;2
422790009000701;2
411246009008501;2
407310009001501;2
413875009001101;2
412082009002901;2
412702009000501;2
394102009001101;2
419983009000401;2
400741009001001;2
394862009000201;2
414340009001501;2
416411009001601;2
404183009000101;2
405814009002201;2
404670009000401;2
396627009003201;2
414476009003101;2
403753009001801;2
410575009001401;2
407023009002101;2
408306009003401;2
414194009003001;2
414203009001201;2
401006009000701;2
391463009002401;2
389356009000901;2
412345009001501;2
399847009000801;2
401720009001401;2
414929009001101;2
412330009000101;2
399714009002301;2
411747009001601;2
412491009001601;2
423046009000201;2
409532009000601;2
402825009001801;2
411600009001201;2
412290009001101;2
409943009001901;2
443194009000101;2
409393009000101;2
434291009001001;2
407490009000601;2
413894009001901;2
415779009001001;2
415762009003901;2
411246009000701;2
410314009000701;2
400070009002101;2
412838009000101;2
386916009000201;2
407685009001101;2
406236009001101;2
407318009002601;2
409144009000501;2
409931009000101;2
408306009001701;2
388479009000701;2
393022009000601;2
404670009000301;2
464470009000301;2
404217009001101;2
409863009002701;2
388300009000801;2
416088009000801;2
414209009000701;2
410874009000101;2
323332009001401;2
460536009000101;2
410289009000101;2
413517009001501;2
408154009001401;2
408273009002401;2
390020009002301;2
407565009002301;2
410630009001101;2
408333009002801;2
389970009000801;2
409457009000201;2
407262009000501;2
413366009000701;2
409211009001501;2
389872009000201;2
402877009000301;2
406178009000601;2
412821009000801;2
412050009003001;2
411234009001301;2
386773009000701;2
407917009001401;2
439853009000401;2
412918009001901;2
410877009000101;2
400331009001801;2
419078009001101;2
412420009000201;2
405314009000101;2
416917009000201;2
393724009002301;2
411976009000601;2
412301009000101;2
407991009001601;2
434333009000601;2
407850009000401;2
414716009000101;2
390027009002701;2
396896009000101;2
464133009000601;2
397098009000101;2
412971009002501;2
405347009000201;2
410594009000801;2
387859009002101;2
408705009000301;2
387757009004101;2
404308009000301;2
409016009000901;2
387162009000201;2
396673009000601;2
399436009001801;2
414194009003501;2
409198009000601;2
446466009000201;2
398409009000801;2
394774009000201;2
400680009000101;2
389456009000401;2
405642009000201;2
407913009002301;2
461885009000101;2
410894009002401;2
408955009001701;2
403861009000901;2
402912009000701;2
387757009004001;2
415892009000101;2
391525009000801;2
381714009002201;2
415004009000201;2
406038009000401;2
464969009000101;2
389438009001501;2
412829009001201;2
412023009000401;2
404307009002301;2
411452009000201;2
399924009002001;2
408815009001301;2
395320009001401;2
411889009001301;2
410138009002901;2
412056009000101;2
412368009000201;2
382635009003301;2
407046009002701;2
398688009000101;2
398688009000201;2
405373009000501;2
410590009002401;2
399411009001001;2
460163009000401;2
395030009001101;2
410590009002601;2
405704009001601;2
399970009000601;2
322821009000501;2
399881009000101;2
414822009002301;2
406356009001801;2
412405009002401;2
411085009000801;2
420066009000201;2
406124009001001;2
387167009000201;2
435834009000701;2
402057009002501;2
409003009001301;2
409981009000301;2
407939009000501;2
412050009003201;2
411656009001701;2
389408009000501;2
402608009000601;2
414385009000201;2
411169009001501;2
411430009000401;2
389647009001401;2
457000009000101;2
399935009000301;2
404217009000401;2
409282009000301;2
413229009001401;2
396040009001301;2
400351009001701;2
413930009002701;2
409156009002501;2
409677009001401;2
404623009001701;2
408703009002401;2
419144009002201;2
464352009000201;2
409884009003401;2
409521009000901;2
412626009002201;2
414867009002801;2
408705009003401;2
400819009000701;2
388241009003001;2
414194009001801;2
412194009000801;2
412838009001501;2
406384009000201;2
404559009000101;2
394979009000601;2
401679009000401;2
401296009001001;2
398406009001601;2
409962009001001;2
412338009001701;2
447125009000801;2
398142009002001;2
407176009002701;2
399385009000201;2
442977009001201;2
404499009000201;2
397754009001101;2
417086009000301;2
399411009000701;2
415021009000801;2
388089009000101;2
409144009001001;2
408931009001201;2
395388009000301;2
400930009000501;2
413393009000901;2
412444009001101;2
411976009000501;2
413642009001301;2
394675009002501;2
399647009000201;2
408636009002801;2
399797009000401;2
412649009000801;2
426188009000201;2
401824009000101;2
409398009002201;2
408625009000701;2
404759009000801;2
404547009000301;2
405348009001101;2
407490009000201;2
386773009002301;2
402042009000801;2
409986009001001;2
407557009003201;2
407937009000201;2
411930009001601;2
391432009000201;2
402877009002201;2
427584009000301;2
405781009000601;2
405375009000301;2
399866009000901;2
395368009001201;2
412918009001301;2
404206009000901;2
410762009000801;2
408625009003101;2
413830009002601;2
415347009000701;2
462751009000101;2
461417009000101;2
412573009002501;2
383168009000901;2
404111009000101;2
415024009001501;2
440849009000401;2
410940009001401;2
407491009005801;2
409030009000201;2
437058009001301;2
409391009000301;2
404201009002201;2
414867009003001;2
407011009001501;2
399714009002001;2
408273009001501;2
416848009000201;2
398081009002201;2
392939009001601;2
409657009001201;2
414913009001301;2
414204009000101;2
411245009000101;2
406099009000701;2
407659009001301;2
415053009000601;2
395261009000401;2
413754009001301;2
395450009000501;2
412918009002901;2
409992009001201;2
409997009001401;2
399797009000601;2
407400009001201;2
416458009000701;2
387737009001201;2
414893009000901;2
397328009001001;2
388479009000101;2
394774009002601;2
393079009000701;2
423040009001301;2
406920009000201;2
399871009001701;2
395668009001601;2
419042009001901;2
415489009000301;2
443191009001401;2
414118009002001;2
394845009004901;2
404705009001701;2
411168009000601;2
400450009001701;2
411437009000101;2
408537009000101;2
408109009002101;2
389970009001901;2
409398009002301;2
408568009000401;2
410630009002501;2
410814009002801;2
387167009000801;2
408972009003201;2
408498009003401;2
413893009002001;2
412257009003501;2
464540009000101;2
407830009001601;2
407432009000101;2
402829009000901;2
420104009000301;2
408901009000101;2
413367009000301;2
387879009000101;2
396585009001001;2
402755009001201;2
402042009001901;2
409906009001101;2
407165009001201;2
397098009000501;2
386906009001101;2
405781009001601;2
398272009000401;2
414360009001801;2
416458009000401;2
400606009001501;2
412098009002101;2
412829009000201;2
414884009001001;2
399850009002201;2
407279009000201;2
399338009000701;2
394117009000101;2
432719009000101;2
409963009000101;2
392037009002901;2
261370009001901;2
399656009001801;2
397098009000801;2
437134009000101;2
404080009000101;2
406207009001001;2
404096009000301;2
407850009001901;2
438928009001301;2
395030009000901;2
395438009000701;2
411085009001201;2
399714009000701;2
400703009002201;2
407491009001001;2
415075009003101;2
409420009002501;2
404217009000701;2
407858009002101;2
413971009000201;2
409906009000801;2
410135009002001;2
402620009000701;2
411446009001801;2
407282009001301;2
405950009000601;2
404143009000701;2
410519009001901;2
404587009001601;2
390599009000601;2
402271009001901;2
390027009000101;2
412022009000201;2
404115009002001;2
415021009001101;2
387859009001601;2
465808009000101;2
466190009000101;2
411191009000701;2
395377009000301;2
387993009000301;2
416458009000101;2
391432009001001;2
412458009002601;2
412366009005301;2
412035009000801;2
406299009002001;2
405347009002801;2
389047009000801;2
405347009000801;2
412082009000501;2
409619009001401;2
400432009000501;2
389647009001501;2
390594009000701;2
409758009000501;2
443191009001301;2
408529009002301;2
408498009003501;2
389970009001401;2
415489009001301;2
402883009000601;2
390507009000201;2
410812009003101;2
403846009001001;2
404308009000801;2
446830009002101;2
407490009000801;2
410524009000401;2
401776009000801;2
427584009002701;2
395833009000101;2
396673009000701;2
406139009002001;2
399656009000401;2
409626009001801;2
413560009000501;2
396463009001801;2
409884009003501;2
409679009002401;2
402528009002101;2
409526009000301;2
412845009000501;2
409646009002501;2
410468009001701;2
410889009001701;2
398126009000301;2
408017009000301;2
409678009000501;2
414374009000101;2
400741009000201;2
402615009001501;2
440948009000401;2
404506009001501;2
411889009002001;2
400187009003901;2
412257009003401;2
399296009004101;2
388995009001201;2
403846009000401;2
395340009000701;2
405339009003001;2
396281009000901;2
410657009001901;2
337572009002701;2
413755009002501;2
410507009001701;2
462770009000301;2
402831009000101;2
398922009001801;2
396875009001001;2
405314009004001;2
440843009000901;2
399850009000601;2
407356009001501;2
414194009001701;2
412420009000401;2
406932009000501;2
413642009000201;2
427471009001901;2
460912009000101;2
407176009000501;2
406101009000501;2
407952009000601;2
463323009000501;2
406369009000801;2
407807009001301;2
413679009000101;2
413350009000601;2
413567009001201;2
395261009001101;2
410885009000301;2
409393009001001;2
400459009002401;2
410245009002401;2
399413009000101;2
415074009000401;2
415971009001501;2
411191009000901;2
400606009000901;2
414239009000201;2
400351009001801;2
407491009000801;2
406012009000201;2
261370009000201;2
395373009000901;2
396281009000601;2
408059009000101;2
400351009001601;2
402597009002301;2
435426009000101;2
974331009002801;2
414224009003701;2
406233009000401;2
409963009000801;2
395877009000301;2
406275009000201;2
394515009000101;2
414359009001801;2
440843009002001;2
411620009001401;2
428986009000901;2
415074009001101;2
410630009002301;2
414315009002301;2
407582009002101;2
392173009000801;2
439637009000401;2
413635009000201;2
416620009000501;2
412011009000801;2
408606009000201;2
391981009000601;2
395368009000301;2
405314009001101;2
399846009002401;2
413679009001901;2
389140009000601;2
430457009002301;2
396263009000101;2
387757009001201;2
419170009000101;2
407830009001301;2
411255009000301;2
405702009000901;2
413385009001901;2
388241009001301;2
412162009001701;2
433234009000301;2
408019009000301;2
439723009001701;2
414204009000601;2
416795009000101;2
410439009001001;2
404515009000201;2
404135009000501;2
409813009000801;2
406529009000401;2
400564009001601;2
440849009001301;2
411255009002501;2
399976009001801;2
406920009000101;2
405642009001401;2
412150009000801;2
415074009001601;2
416479009000601;2
401824009001101;2
412321009000701;2
404113009003001;2
414196009003301;2
400612009002201;2
400867009003501;2
400741009001101;2
412368009003301;2
399930009001601;2
408090009002401;2
398814009002001;2
397167009000401;2
413609009001801;2
463822009000101;2
412102009001601;2
430457009002801;2
412150009001001;2
410647009002601;2
395668009001701;2
399296009002801;2
408599009000101;2
392996009001801;2
398170009001501;2
414493009002201;2
409160009000201;2
412444009001301;2
397328009000101;2
391131009001401;2
410157009000601;2
416479009002901;2
411747009002101;2
408038009000701;2
406907009000301;2
395363009000701;2
412711009002601;2
406225009000801;2
409283009001601;2
407008009001101;2
469137009000201;2
391838009001101;2
411849009000301;2
420035009000501;2
389356009000401;2
387737009001301;2
388803009001501;2
409800009000301;2
396627009000701;2
396281009004101;2
404142009001401;2
409495009001101;2
415347009000201;2
397113009000201;2
404099009002601;2
400719009000401;2
409030009001101;2
389456009000101;2
409198009000701;2
394117009000201;2
412746009002901;2
408305009001001;2
406254009000201;2
404658009001001;2
400719009001101;2
412711009002301;2
417306009001801;2
411520009000201;2
409515009001001;2
434831009000401;2
399941009000501;2
415808009003101;2
408636009001301;2
411134009000601;2
412746009003001;2
412822009001001;2
407048009000901;2
412194009000401;2
460662009001501;2
408046009000201;2
410972009000301;2
406356009001301;2
407952009000401;2
465461009002401;2
408839009000401;2
414861009001501;2
420104009000101;2
406238009000201;2
388995009000801;2
412417009000201;2
410816009001001;2
400331009002001;2
408629009000401;2
406254009000101;2
408529009002501;2
409283009001801;2
403857009001101;2
394675009002601;2
429012009000101;2
414282009000801;2
409986009000301;2
431564009001701;2
402695009003001;2
410647009003601;2
434170009001301;2
260402009002401;2
410750009001001;2
395320009000101;2
410162009000501;2
409981009001001;2
414315009002601;2
407020009001201;2
403818009000601;2
411600009002201;2
391390009001601;2
408053009001601;2
407020009001301;2
412382009000401;2
390027009000201;2
414809009002201;2
412037009001401;2
412037009000801;2
411223009000901;2
413561009003501;2
400407009000801;2
400961009000501;2
409444009000101;2
410647009000601;2
398173009002101;2
411857009002001;2
410338009000201;2
407930009000101;2
411602009001801;2
402682009002701;2
398465009000701;2
399976009002001;2
388803009001401;2
399331009001601;2
398388009000101;2
398465009001101;2
388975009000601;2
406416009002201;2
388659009000301;2
402755009000501;2
411725009001801;2
410135009001801;2
396040009000901;2
403809009000301;2
400387009002001;2
410750009002801;2
396269009003401;2
396413009006001;2
413574009002401;2
412022009000401;2
443190009000601;2
400867009003301;2
413489009000101;2
391926009000501;2
412086009000401;2
411545009001801;2
408019009000101;2
411931009002601;2
411426009000201;2
406139009002201;2
389133009000101;2
396282009000101;2
409383009000501;2
410670009002201;2
398142009001801;2
433565009001901;2
407917009001701;2
408540009000101;2
404338009000501;2
393746009001001;2
399400009001701;2
413993009000401;2
416088009001701;2
402601009001901;2
410750009000701;2
411267009000201;2
392996009002101;2
404759009000201;2
406383009001201;2
407794009000701;2
399331009000101;2
396313009003301;2
383283009001301;2
429014009002201;2
409222009000101;2
423301009002401;2
406138009000101;2
465930009000301;2
409457009001301;2
465353009000201;2
369583009009201;2
366643009002601;2
410315009004301;2
446111009008801;2
470493009000201;2
472018009000101;2
421814009000101;2
445325009000402;2
398564009001501;2
466380009000105;2
408972009001201;2
398272009001901;2
395691009002501;2
404240009005101;2
456192009000101;2
466380009000102;2
441307009000101;2
395566009000201;2
466218009000101;2
465249009000201;2
467989009000202;2
387260009003401;2
409677009003001;2
395691009002301;2
412179009002501;2
399260009001401;2
444290009001101;2
410315009004201;2
466380009000103;2
446105009001801;2
443955009000201;2
400866009000101;2
446111009009101;2
384218009017201;2
410315009004001;2
446111009008701;2
386604009000701;2
471530009000101;2
415075009004401;2
465404009000101;2
369583009009101;2
410315009004401;2
424464009003501;2
405821009000501;2
438883009000401;2
470190009000101;2
409457009000601;2
409457009000501;2
409457009001101;2
395363009003401;2
395363009003101;2
395363009003601;2
413496009004401;2
439217009000101;2
463742009000301;2
413176009003001;2
369583009008601;2
468315009000101;2
445318009000201;2
434624009002001;2
410315009004601;2
466254009000201;2
386906009002301;2
363222009008701;2
443498009000101;2
439217009000301;2
411160009001801;2
446105009001601;2
467437009000102;2
398831009005301;2
361821009002501;2
361821009002801;2
446111009009001;2
467989009000201;2
395363009005701;2
445613009000101;2
404240009005301;2
415084009000101;2
441756009000101;2
409457009000801;2
413496009004301;2
413376009000201;2
409677009002901;2
461450009000201;2
390526009000101;2
444290009001001;2
395363009003701;2
409677009003401;2
407586009004101;2
403846009003001;2
398272009001801;2
388979009001501;2
409335009002001;2
398831009005401;2
461872009000101;2
470302009000101;2
468282009000201;2
469948009000201;2
424464009003601;2
411160009001701;2
415075009004101;2
413271009001201;2
465353009000101;2
369583009008701;2
361821009002601;2
399260009001301;2
465854009000101;2
461384009000101;2
384218009017301;2
461872009000201;2
393864009001901;2
413496009004501;2
461224009000101;2
415075009004201;2
462556009000301;2
415075009004501;2
404240009005201;2
366643009002701;2
446111009008901;2
465389009000101;2
388232009000401;2
409677009003301;2
409677009003201;2
441149009000201;2
387552009000401;2
465637009000101;2
395363009003501;2
393864009002001;2
468860009000101;2
415075009004301;2
425709009000101;2
469301009000101;2
472552009000101;2
444290009000801;2
467234009000101;2
466254009000202;2
461309009000101;2
446105009001701;2
359585009003601;2
359585009003501;2
410315009004501;2
411620009005501;2
446050009000801;2
437213009000101;2
407565009001301;2
386906009002201;2
464565009000102;2
408972009001301;2
387552009000501;2
444290009000101;2
402608009003401;2
460683009000101;2
405821009000601;2
395722009000301;2
393864009002301;2
464540009000201;2
415084009000201;2
412179009002301;2
398564009001601;2
468416009000101;2
467156009000101;2
395566009000301;2
409677009003101;2
381102009000401;2
413496009004201;2
439442009000101;2
411620009005301;2
466510009000101;2
428059009000101;2
398272009001601;2
446713009000101;2
463742009000302;2
411255009002101;2
398564009001901;2
369583009008501;2
464565009000101;2
467437009000101;2
407586009003801;2
369583009009301;2
464216009000101;2
395691009002101;2
404240009005001;2
468282009000202;2
363222009008401;2
446105009001501;2
471295009000101;2
464028009000101;2
453903009000101;2
413496009004601;2
398546009000701;2
466380009000104;2
413496009004101;2
410315009004701;2
409457009000701;2
399260009001201;2
369583009008401;2
369583009008801;2
468282009000203;2
369583009008901;2
413496009004001;2
456316009000101;2
402608009003501;2
423843009000401;2
460041009000601;2
460041009000501;2
413496009004701;2
445325009000401;2
410315009004101;2
398272009001701;2
464976009000201;2
399261009000701;2
409457009001201;2
361821009002701;2
407586009004001;2
464565009000401;2
443368009000301;2
444290009001201;2
396070009000501;2
415075009004001;2
405814009000401;2
363222009008601;2
446108009001501;2
444290009000901;2
363222009008501;2
419144009000201;2
369583009009001;2
465639009000101;2
466380009000101;2
460913009000101;2
427983009001401;2
460041009000401;2
407586009003901;2
468794009000101;2
395566009000101;2
